Id,Number of Questions,Total Words,Number of Entities,Words in Entities,Number of Times,Words in Times,Number of Locations,Words in Locations,Number of Organizations,Words in Organizations,Number of Persons,Words in Persons,Number of Money,Words in Money,Number of Percentages,Words in Percentages,Number of Dates,Words in Dates,Total Sentences,Total Forward Sentences,Forward Ratio,Uncertainty Words,Polarity,Subjectivity,Positive Words,Negative Words
1002821,35,4308,599,1063,1,3,1,3,405,758,43,79,9,26,3,8,12,17,335,24,0.07,66,0.15074263444342195,0.43497430245461743,108,40
1006522,49,4069,527,894,0,0,4,6,295,541,42,91,8,30,7,18,7,14,323,16,0.05,80,0.17591634449923244,0.5156541831608682,54,40
1008207,40,1748,249,487,0,0,0,0,155,372,13,22,3,9,3,7,1,1,155,7,0.05,13,0.131064195966635,0.3307390482146579,41,32
1008965,23,3774,501,915,0,0,1,3,310,605,45,69,16,44,4,9,11,21,319,19,0.06,53,0.2191406054063484,0.4747128717909575,100,37
1022767,30,4268,496,819,0,0,0,0,285,528,59,102,25,44,3,8,8,12,314,31,0.1,57,0.18787370154864397,0.4650670179192118,136,37
1025778,64,6500,764,1311,0,0,0,0,427,825,41,62,13,25,35,71,36,56,486,34,0.07,122,0.17363658877031837,0.42634252242721776,130,147
1040610,26,2309,374,612,0,0,2,7,235,402,6,12,6,18,2,5,5,11,184,9,0.05,19,0.21521819176991597,0.4763614663327306,70,30
1040616,76,6000,742,1251,1,2,0,0,436,823,58,94,9,25,3,6,14,20,532,22,0.04,55,0.17667318362751808,0.45280742520293615,150,85
1043944,25,2466,264,521,0,0,0,0,154,344,25,58,4,5,2,5,6,12,227,9,0.04,27,0.19881168156869114,0.41157268138576564,74,39
1046611,42,3458,384,688,0,0,0,0,246,508,20,25,6,17,1,2,4,6,288,7,0.02,53,0.16217010001492768,0.4816074347108829,88,50
1047394,37,2335,306,701,0,0,0,0,154,475,24,39,6,14,9,18,3,10,207,6,0.03,56,0.1997816545973229,0.45921055518981807,40,46
1055118,43,5478,663,1243,0,0,1,2,424,916,48,76,14,39,2,4,8,19,399,24,0.06,67,0.19819764677917728,0.46409142530606684,163,50
1059441,14,1912,219,381,1,3,0,0,130,251,12,17,1,3,6,12,6,12,134,7,0.05,13,0.22472547060782352,0.4948945335710042,56,17
1068067,34,4761,610,1108,0,0,2,4,351,717,42,52,18,49,24,56,11,18,424,11,0.03,41,0.20083516462333265,0.5153786364187133,126,43
1079671,12,2636,346,592,0,0,1,3,163,288,54,100,16,44,16,32,10,15,238,11,0.05,37,0.17641097992916177,0.46820760855306287,80,21
1080743,28,2468,360,616,0,0,0,0,213,413,21,37,1,3,11,22,0,0,181,8,0.04,26,0.14536056214317084,0.4884005740636173,36,30
1086744,66,5147,666,1069,1,2,1,3,418,725,49,87,8,17,11,24,7,14,383,38,0.1,98,0.15923246833861365,0.42186935193918446,118,48
1091694,55,2979,440,731,0,0,0,0,224,451,25,45,8,21,7,15,8,13,282,7,0.02,43,0.14915141628698494,0.3386689468613666,50,56
1091699,21,3463,406,712,0,0,0,0,244,452,41,67,10,26,3,6,8,24,266,6,0.02,35,0.18008071519299074,0.4902541561897851,71,27
1092737,42,2314,308,511,0,0,0,0,166,316,8,10,10,28,21,48,6,10,211,6,0.03,59,0.12286881321443534,0.44199102612697083,47,34
1097416,85,9270,1000,1641,1,3,0,0,496,903,70,117,20,54,65,137,16,26,839,45,0.05,214,0.20646329272102432,0.4924018238348131,262,105
1108224,53,4777,609,1079,0,0,2,4,372,742,29,50,17,42,18,36,6,7,363,23,0.06,52,0.16024772914946334,0.47900220952244055,159,64
1116268,48,2703,333,603,2,4,0,0,195,425,17,28,7,21,5,11,1,1,222,16,0.07,46,0.1592949463917206,0.44305574950736243,60,27
1131443,30,2638,341,630,1,2,0,0,191,405,29,52,13,31,8,17,12,24,230,19,0.08,67,0.1576129446994109,0.43751866241527904,44,45
1133996,19,3183,373,603,0,0,0,0,229,393,21,36,14,30,10,20,5,12,253,16,0.06,45,0.16827823988700133,0.45903604535779774,73,47
1137287,31,1753,283,630,0,0,0,0,181,483,13,18,3,8,3,8,1,2,124,3,0.02,13,0.15838934457355505,0.3349762242306103,20,30
1149918,28,1960,296,612,0,0,1,2,196,468,24,46,5,9,8,17,1,1,172,5,0.03,26,0.14353392019686662,0.3720392219387757,41,20
1157610,31,4924,586,1063,0,0,0,0,365,705,38,70,26,65,9,18,14,28,356,30,0.08,50,0.21185283989424125,0.5057402811861407,143,42
1159394,50,4270,576,952,0,0,3,6,346,612,43,84,8,19,18,37,14,31,356,26,0.07,43,0.1924194288826643,0.4812190037631208,108,24
1165749,33,2679,400,752,0,0,1,1,224,503,64,116,3,4,4,8,3,4,220,5,0.02,28,0.17101126009970766,0.45641045576966166,71,20
1167752,21,5658,640,1138,2,6,1,2,400,785,28,42,13,27,26,58,9,16,430,26,0.06,94,0.14034431022563956,0.4660395748765996,115,62
1167755,19,2531,296,525,1,3,0,0,165,337,32,56,1,3,2,4,0,0,190,9,0.05,32,0.189581913103508,0.43435309430326047,50,44
1179469,21,2535,321,573,0,0,0,0,203,400,22,35,6,16,1,2,11,16,165,21,0.13,70,0.14062642192413174,0.4449005934692955,37,57
1190611,61,2934,437,749,0,0,0,0,259,532,21,40,3,3,6,12,3,6,281,5,0.02,35,0.1030221490837929,0.4673756893791141,53,57
1199650,17,760,111,150,0,0,0,0,59,92,5,6,0,0,0,0,0,0,77,3,0.04,15,0.19495851370851364,0.3664261664261664,11,14
1200455,30,4194,475,823,0,0,2,5,259,500,30,47,23,48,19,43,1,2,345,14,0.04,54,0.16492817788272338,0.5059586303146906,62,61
1202186,13,3274,364,647,0,0,2,6,244,486,22,33,3,11,0,0,3,4,225,15,0.07,53,0.24545692249180628,0.5355920780339383,121,36
1211050,19,3169,440,699,0,0,6,15,281,486,14,27,5,9,9,18,6,10,256,13,0.05,44,0.1899403545892311,0.41680319446471137,78,35
1214299,70,5724,785,1295,1,2,0,0,323,617,102,139,53,145,34,68,15,23,387,22,0.06,78,0.16962575524345977,0.42941845065872314,89,67
1223428,59,2730,403,710,0,0,0,0,255,497,28,51,1,3,2,4,0,0,253,6,0.02,52,0.13385784757877783,0.45528140925150873,60,31
1232574,28,2205,362,687,0,0,0,0,234,519,18,34,2,6,0,0,5,8,181,13,0.07,31,0.1472777777777778,0.40737558120891476,41,57
1232584,19,1575,189,301,0,0,0,0,104,196,4,8,1,3,1,2,4,8,148,15,0.1,32,0.2642518037518037,0.46578427128427136,44,24
1232663,28,2205,362,687,0,0,0,0,234,519,18,34,2,6,0,0,5,8,181,13,0.07,31,0.1472777777777778,0.40737558120891476,41,57
1268451,58,3138,398,575,0,0,0,0,199,316,25,44,5,14,5,10,4,5,251,7,0.03,39,0.19596457092846997,0.4586727382124492,51,59
1282929,51,2117,361,592,0,0,0,0,198,361,5,11,17,42,10,24,4,8,172,7,0.04,31,0.19835122360632573,0.47733217745972834,50,22
1286637,25,3354,295,513,0,0,0,0,139,250,27,59,17,50,5,11,13,23,255,24,0.09,57,0.1316620912962377,0.4078390466805102,92,44
1299340,59,3103,378,697,0,0,0,0,190,366,32,87,15,39,21,43,7,14,243,17,0.07,60,0.1675564928215246,0.4795920666885856,82,24
1302785,29,1504,274,500,0,0,1,1,164,361,10,20,3,9,2,4,1,2,173,3,0.02,10,0.1640730136005726,0.4473576598379748,23,20
1306758,4,6001,582,1009,0,0,0,0,313,558,45,83,30,81,28,56,7,14,398,52,0.13,99,0.1435809446611917,0.4085407771621761,224,95
1310717,23,2443,335,562,0,0,0,0,189,368,29,44,6,15,3,6,4,8,242,2,0.01,30,0.18592706036102274,0.4612450111035017,50,38
1315561,43,4216,475,868,0,0,0,0,253,524,39,63,20,56,22,48,9,11,322,15,0.05,50,0.18461709879431407,0.5056524704784201,132,30
1318001,80,9292,1049,1770,5,16,1,3,570,1028,83,145,28,77,49,103,29,50,706,14,0.02,154,0.17588479944258562,0.49851147546544056,196,143
1324216,38,4642,599,1050,0,0,1,1,325,644,71,126,20,58,9,18,13,19,384,31,0.08,68,0.19011922359483355,0.4465236570114617,147,43
1330422,23,4195,449,766,3,5,1,2,258,471,26,45,28,67,10,21,7,10,324,24,0.07,77,0.1383526723478298,0.415235745556569,130,44
1330425,137,7870,1004,1764,0,0,0,0,621,1284,47,80,15,30,7,15,20,29,592,21,0.04,108,0.17610035204022859,0.42644517554688627,197,108
1334908,39,8201,901,1733,0,0,10,23,423,858,89,204,76,217,28,56,43,49,500,51,0.1,168,0.08688391812050625,0.41204219153521693,165,101
1342949,57,5029,578,999,0,0,0,0,326,654,36,59,9,27,5,10,7,12,398,15,0.04,87,0.16439810023973384,0.4801923331206198,92,76
1344137,33,4282,508,920,0,0,1,3,249,504,60,139,14,36,29,59,14,20,317,15,0.05,63,0.2468459305307648,0.4894880422368569,181,29
1345568,34,5569,673,1100,0,0,1,4,450,762,54,97,20,50,4,8,5,5,370,22,0.06,58,0.15879233085754826,0.4672084799258715,134,73
1350753,42,1956,243,456,0,0,0,0,129,292,14,23,3,9,16,32,1,1,157,12,0.08,65,0.11271622203098101,0.4397717058711033,26,36
1356639,37,5016,693,1304,1,2,1,2,427,895,54,97,17,46,19,44,11,14,428,32,0.07,47,0.2225184245578985,0.44833553873027565,192,50
1360097,26,1686,269,376,0,0,0,0,140,212,33,41,2,6,3,6,3,7,170,4,0.02,18,0.24295135192676173,0.5373794738958675,51,11
1363561,59,5492,706,1312,0,0,4,9,391,838,48,88,30,69,27,54,9,9,370,16,0.04,80,0.13887828546938336,0.4684117380124044,137,57
1369519,21,2039,196,333,0,0,0,0,112,211,14,23,4,14,5,16,1,2,172,10,0.06,38,0.1813299182299182,0.44933995510662184,63,30
1388087,52,3505,504,755,0,0,0,0,301,495,32,61,3,3,9,19,4,5,320,7,0.02,42,0.1873831607581609,0.47804784404784384,56,36
1395804,27,3175,495,743,0,0,0,0,294,466,61,113,5,14,3,6,10,12,315,19,0.06,49,0.14243815156916778,0.4397171582131476,41,70
1399514,36,5202,732,1342,0,0,1,3,400,848,74,131,20,63,33,66,12,20,400,20,0.05,97,0.201494954531604,0.44882858754586435,159,51
1402329,30,4615,474,867,1,2,0,0,211,438,51,91,33,105,18,39,18,22,355,45,0.13,88,0.10701763570666013,0.441537566430859,101,66
1403459,70,2853,385,615,0,0,0,0,232,420,9,16,8,23,6,12,6,11,243,14,0.06,36,0.14987082809663457,0.4622498668197589,83,45
1406308,33,5401,683,1288,0,0,0,0,441,948,33,47,18,32,17,37,16,29,472,14,0.03,67,0.20439995383323314,0.447923104494647,118,47
1407096,81,6113,823,1321,0,0,0,0,489,820,47,89,14,33,39,79,12,29,581,24,0.04,57,0.1788944280120751,0.4771424000835762,157,75
1408584,48,4337,527,930,0,0,0,0,258,542,34,64,12,32,27,55,5,8,404,28,0.07,57,0.19108205204756942,0.41026740309498905,85,71
1411930,46,6077,761,1168,2,6,0,0,503,796,28,46,4,4,4,8,8,13,578,20,0.03,71,0.16412486085343242,0.4894141620284476,128,69
1414350,29,2247,233,450,0,0,1,3,114,280,27,47,2,6,2,4,0,0,171,8,0.05,35,0.22013177252435068,0.4881655562319626,58,17
1414452,36,4766,577,1085,0,0,4,6,305,678,55,90,22,69,22,44,8,10,340,29,0.09,73,0.17251939237233344,0.5160505344328873,116,31
1424006,31,5352,683,1110,0,0,3,7,335,590,66,134,18,32,27,57,9,17,396,15,0.04,68,0.14331300391943955,0.4246391484386531,108,104
1426435,55,4700,498,815,0,0,1,2,254,461,66,121,15,41,5,10,10,17,392,26,0.07,48,0.16151355623717448,0.39777229098837147,171,36
1444369,37,4826,605,1008,1,2,0,0,326,599,37,61,12,25,38,82,15,22,386,22,0.06,98,0.17818808596741573,0.433049993147758,149,61
1447316,10,1073,103,165,0,0,0,0,47,66,21,46,6,14,3,9,0,0,101,2,0.02,20,0.20358151735270377,0.5432553134248049,36,6
1466116,46,3785,486,919,0,0,1,3,272,602,65,118,8,24,1,3,2,4,312,16,0.05,59,0.1900013382674675,0.47713643733805056,83,55
1471019,30,1757,267,386,0,0,0,0,120,180,52,101,1,3,2,4,1,1,175,9,0.05,14,0.1961641604010025,0.48483939014202154,44,35
1473361,46,2431,410,856,0,0,0,0,229,602,42,76,3,9,29,58,3,4,245,9,0.04,23,0.1431640562369729,0.4905881901020789,36,27
1475403,45,5681,608,1046,0,0,1,3,326,633,71,122,24,68,11,22,12,14,406,43,0.11,103,0.24116729396858497,0.5161752598589037,266,39
1475693,37,2632,463,826,0,0,0,0,267,540,51,88,5,11,17,34,9,13,251,21,0.08,44,0.16344356401174598,0.395162224139497,51,43
1478216,30,2633,279,467,0,0,0,0,149,306,17,30,1,2,3,8,1,2,258,18,0.07,30,0.14658899330483197,0.39064361535634823,51,48
1478678,39,4040,473,879,0,0,0,0,258,514,35,68,33,90,13,27,11,19,296,26,0.09,88,0.13985132275132278,0.4286036636203301,90,49
1478972,47,4584,447,715,0,0,0,0,218,382,75,138,5,9,8,17,10,19,334,15,0.04,71,0.16008489876136975,0.47082038876156446,130,64
1482773,29,3065,431,814,0,0,2,2,262,576,15,31,4,5,26,52,16,21,298,6,0.02,36,0.1660953780060244,0.4181500227697945,51,53
1483711,29,3083,339,561,0,0,0,0,198,379,29,41,5,14,6,12,6,13,220,19,0.09,57,0.180256928368711,0.45672543300942103,70,54
1484385,48,5321,551,914,0,0,1,2,236,395,59,106,27,73,33,73,15,26,443,34,0.08,75,0.18942826575460162,0.4796053088133239,148,56
1507160,80,5503,902,1525,0,0,0,0,577,1100,38,72,8,25,16,35,8,11,389,18,0.05,49,0.19637330270430126,0.46981545502561195,180,73
1508145,63,4790,627,1045,0,0,1,2,340,674,39,67,9,20,12,26,6,9,352,27,0.08,95,0.1798028517873879,0.40602501450439604,116,65
1511880,47,5251,682,1311,0,0,2,6,388,864,53,95,20,53,23,47,10,15,471,28,0.06,66,0.19299376533345344,0.4729628358354526,166,57
1517231,47,3179,416,700,2,6,0,0,219,419,47,88,4,12,1,2,4,16,257,10,0.04,51,0.22404801637756225,0.4743079482070954,97,48
1534874,46,2755,332,560,0,0,0,0,193,360,21,33,3,8,2,4,6,10,260,9,0.03,33,0.21695056968494483,0.45925763087221405,81,37
1536564,63,6934,933,1503,0,0,0,0,483,766,72,134,54,123,61,126,40,66,491,43,0.09,103,0.13848853200864703,0.4038894924431318,223,62
1556275,30,3789,523,863,0,0,2,6,335,579,38,59,20,54,13,27,7,13,316,20,0.06,40,0.2098253479386658,0.4752913072130361,127,28
1562151,19,2825,369,613,1,2,0,0,224,395,44,72,6,16,5,10,3,5,237,16,0.07,22,0.18919038015454398,0.46782978492876115,78,18
1562543,27,2526,378,632,0,0,0,0,198,356,26,45,13,39,12,29,8,14,231,6,0.03,34,0.21224421411921401,0.47538822288822313,54,16
1562549,27,2526,378,632,0,0,0,0,198,356,26,45,13,39,12,29,8,14,231,6,0.03,34,0.21224421411921401,0.47538822288822313,54,16
1563457,53,2323,401,645,0,0,0,0,203,361,65,124,4,9,6,12,5,14,188,6,0.03,29,0.12989218001250089,0.47279049085198843,33,32
1563760,66,3234,544,1087,1,2,1,3,339,823,42,80,3,10,7,14,3,5,287,8,0.03,20,0.24145055678074562,0.43712841578407613,88,28
1573473,40,5707,557,941,1,3,2,7,296,553,37,78,16,44,21,44,9,15,447,50,0.11,73,0.1836778741935691,0.4815062648694936,183,57
1591379,32,5619,701,1163,0,0,1,3,381,671,69,98,29,85,35,74,17,34,439,21,0.05,61,0.1859884747775374,0.4694449517496387,188,48
1592397,87,3010,556,1071,0,0,1,3,336,785,18,31,6,19,6,14,2,2,339,20,0.06,45,0.12485533226646979,0.264165675030604,46,48
1592513,63,3445,600,1136,0,0,0,0,281,667,104,189,13,33,9,18,3,9,348,8,0.02,50,0.17236241315711537,0.3285987914464735,54,45
1593383,17,2664,312,579,0,0,0,0,183,383,17,29,5,14,12,24,14,19,233,7,0.03,17,0.22081315458734832,0.46425346785830635,79,34
1600072,80,6130,906,1401,0,0,0,0,420,696,103,192,50,95,38,77,3,4,573,7,0.01,78,0.1668370549203885,0.45907293371395946,80,85
1602449,53,3236,523,938,0,0,0,0,334,647,21,35,22,66,5,13,8,13,264,8,0.03,50,0.20121993391224166,0.4590852416813956,73,39
1607104,6,2106,290,537,0,0,1,2,177,348,23,56,9,25,18,36,6,7,169,10,0.06,30,0.14415795243717325,0.44066007945878105,67,14
1609071,25,3897,518,881,1,2,0,0,326,590,45,90,9,21,10,20,15,23,297,26,0.09,37,0.1607139661519583,0.40565201421500624,110,48
1613966,36,5592,756,1170,3,9,1,1,474,752,49,81,28,68,12,24,11,22,417,31,0.07,68,0.15444799654270647,0.4665089399603049,155,66
1618320,55,4003,487,812,0,0,0,0,267,496,62,127,4,8,4,9,5,8,362,18,0.05,68,0.22108010658062005,0.5002005757190566,102,41
1620817,77,4421,523,949,1,3,0,0,262,540,32,76,19,57,20,43,12,21,440,17,0.04,44,0.13569314944314956,0.45257581924248536,76,50
1625713,43,3437,357,563,0,0,2,5,196,337,20,33,4,12,10,21,0,0,280,13,0.05,35,0.17045136741565337,0.47502801064308964,74,33
1636132,49,5083,657,1227,0,0,2,4,378,834,62,101,9,23,21,43,16,26,380,29,0.08,61,0.19548469065656587,0.48746042267917244,138,33
1657032,59,7742,930,1550,0,0,0,0,588,1017,35,53,40,96,34,71,18,33,655,29,0.04,98,0.17401638407888423,0.45953663119287996,180,71
1662211,46,4166,507,848,0,0,2,4,354,646,35,59,3,4,5,12,7,8,326,34,0.1,53,0.180257823267913,0.4694965920974895,127,32
1662513,40,3948,470,703,0,0,0,0,252,389,25,51,21,41,18,36,19,34,324,29,0.09,39,0.1750738554374919,0.46582933228387763,126,35
1663097,68,7246,771,1418,0,0,2,4,430,901,35,67,36,101,24,50,8,10,589,32,0.05,84,0.16575860051117142,0.4568616990692827,160,75
1666740,16,2966,393,720,1,2,0,0,238,484,31,49,13,35,8,18,10,14,265,24,0.09,21,0.2131507763693393,0.44436438810690293,89,25
1671004,39,4590,616,1040,0,0,1,2,371,648,64,147,14,28,17,34,11,19,337,42,0.12,63,0.18396387396387412,0.4585619785619785,155,38
1687133,45,5934,631,1257,2,7,2,3,380,855,27,44,31,85,22,45,8,13,436,32,0.07,109,0.14209338521588183,0.41278464600226944,140,77
1693334,11,2110,275,434,0,0,1,3,178,300,14,21,1,1,13,29,9,11,192,13,0.07,41,0.17922892744321314,0.45474331010045266,63,18
1696107,34,2154,328,611,0,0,1,3,209,453,7,10,4,13,2,4,3,5,186,14,0.08,14,0.19142632994620457,0.4562353209319738,47,19
1701118,31,3668,421,682,0,0,0,0,258,458,22,36,8,19,18,36,9,15,326,17,0.05,65,0.18146041265832957,0.4343852964165464,102,48
1703782,33,2970,338,606,0,0,3,5,174,383,21,37,3,6,20,40,5,6,252,6,0.02,61,0.12655318393488746,0.4106624264274102,40,39
1718192,32,2105,255,406,0,0,0,0,135,241,23,45,4,12,1,2,2,4,199,7,0.04,29,0.17450108225108224,0.49817877757163476,45,24
1718710,16,1910,238,408,0,0,0,0,125,237,19,31,10,30,7,14,5,14,136,14,0.1,28,0.15932943971737074,0.44384557811281966,72,15
1720816,14,1306,162,254,0,0,0,0,100,171,9,12,2,7,1,2,1,2,111,6,0.05,19,0.19255004329004324,0.430106666666667,29,9
1727746,55,4582,596,1095,0,0,0,0,359,747,35,50,13,39,17,39,22,28,365,24,0.07,50,0.12359392039258464,0.38597911365564064,97,66
1740131,60,2447,375,664,0,0,1,2,226,454,30,53,7,21,5,12,0,0,232,0,0.0,33,0.18282640692640706,0.45964523809523816,22,33
1751974,82,5301,662,1341,0,0,0,0,362,899,84,157,19,52,8,17,3,3,457,19,0.04,61,0.1882488846750308,0.42615852926549014,189,56
1764173,64,6582,795,1603,0,0,1,1,400,1041,31,43,47,123,36,72,7,11,470,29,0.06,89,0.1409043811127146,0.3754781946448608,151,78
1772440,4,180,35,54,0,0,0,0,25,44,1,1,0,0,0,0,0,0,19,1,0.05,3,0.07376190476190475,0.403984126984127,3,2
1780929,54,2990,486,821,0,0,5,10,282,547,25,44,11,29,18,39,8,9,231,9,0.04,49,0.17988430480854725,0.4699785007360764,70,30
1793348,25,1606,234,318,0,0,0,0,137,200,5,8,4,6,1,2,3,5,143,8,0.06,31,0.15946739563118867,0.4873711457763186,53,20
1811893,10,820,109,163,0,0,1,2,48,66,8,17,13,31,5,10,0,0,50,1,0.02,9,0.22096554346554348,0.4746781521781521,14,6
1839903,40,7072,631,1153,0,0,1,3,329,635,35,75,55,152,25,52,21,33,459,20,0.04,106,0.20485370506003223,0.5282904452264827,178,57
1839951,45,4244,558,920,0,0,1,3,296,545,28,49,23,57,23,46,14,21,343,14,0.04,66,0.16272955407916861,0.46425348787173965,81,35
1841497,39,2559,267,446,0,0,0,0,127,243,9,17,11,24,14,29,3,5,247,16,0.06,25,0.17296453279626386,0.47790571074224913,61,25
1849611,30,4943,549,1057,0,0,0,0,335,697,58,98,35,105,7,14,6,8,369,61,0.17,99,0.17002240143369168,0.4400992068465187,129,47
1850015,36,4362,583,974,0,0,0,0,412,755,14,21,5,15,11,23,5,8,351,7,0.02,50,0.2023092892111298,0.4684613001177414,141,44
1852435,15,1487,206,343,0,0,0,0,129,243,4,4,3,7,10,24,2,3,128,3,0.02,20,0.21954816386769052,0.49879775714095237,42,22
1865814,29,5063,642,1016,0,0,0,0,424,692,48,82,17,41,6,12,9,13,374,33,0.09,104,0.1318057559724227,0.436500047635313,114,50
1872479,70,5030,728,1143,0,0,0,0,400,695,74,126,14,37,14,29,3,3,450,48,0.11,74,0.17262532153836532,0.43191990644889133,113,94
1881732,13,4060,573,973,0,0,1,1,361,667,35,62,17,45,12,25,0,0,325,23,0.07,59,0.16235097839610907,0.40639265920144757,145,44
1886605,35,1791,349,535,0,0,1,1,187,314,18,35,1,3,6,12,2,4,196,2,0.01,27,0.21661793296523826,0.40310344678608173,27,34
1897948,44,5956,752,1435,0,0,0,0,461,1004,41,70,17,45,29,59,15,24,496,26,0.05,49,0.20824119493415622,0.5055155075057987,177,51
1902814,25,4223,462,834,2,5,1,1,265,532,49,89,16,50,8,16,10,15,304,45,0.15,90,0.14959301984697018,0.5081734956791385,153,41
1903381,58,4314,578,981,0,0,0,0,304,585,33,74,14,43,7,15,3,6,346,11,0.03,40,0.21237220851521488,0.4695738551636255,138,42
1904570,59,6005,764,1371,0,0,1,1,460,961,39,69,25,65,8,16,12,20,505,37,0.07,90,0.20656988784510408,0.47663414195474657,204,81
1912650,65,4611,624,1100,1,3,0,0,345,708,26,46,23,64,19,38,19,32,374,18,0.05,96,0.20208245225540836,0.4810786965189477,98,72
1919227,39,1844,268,491,0,0,1,3,135,330,12,17,7,13,14,28,3,3,179,7,0.04,14,0.17398055227600678,0.5079690847872665,40,18
1923859,27,3579,450,767,1,1,2,2,253,506,32,50,8,21,4,8,7,17,286,14,0.05,50,0.20870362065804077,0.44594891296548705,99,44
1924127,47,5116,679,1137,0,0,0,0,373,663,56,101,21,59,13,26,10,17,373,24,0.06,64,0.14901946584941056,0.4648074419932087,132,57
1943049,38,2838,384,672,0,0,0,0,207,397,39,71,12,36,11,22,5,7,230,15,0.07,34,0.16868131596072766,0.43648531298041116,65,49
1943375,48,5305,655,1220,0,0,0,0,343,742,51,89,23,61,19,40,9,14,372,23,0.06,63,0.2438998647686265,0.49711700447837187,171,80
1981129,32,4795,496,830,0,0,0,0,291,532,63,116,7,19,2,4,17,23,365,17,0.05,52,0.19991540225451146,0.4738592668790677,119,73
1984067,40,3048,385,661,0,0,0,0,225,378,30,58,32,105,3,6,13,18,347,24,0.07,45,0.18350829725829726,0.477172251616696,65,28
1990129,58,3744,635,1231,0,0,2,2,354,803,83,147,25,74,14,28,6,11,335,20,0.06,57,0.2011457685890937,0.4938540224119569,81,57
1991293,39,5218,599,1057,0,0,2,4,370,722,55,90,22,56,3,6,16,23,401,32,0.08,102,0.14293837574678725,0.4520401073485187,107,71
2007790,78,5496,802,1558,0,0,0,0,433,984,79,149,30,88,31,66,6,12,478,21,0.04,83,0.16961439269949932,0.4212879378304908,133,98
2024346,16,974,167,315,0,0,0,0,115,243,8,22,3,5,0,0,1,1,91,3,0.03,8,0.1941264807543877,0.44258168618633725,25,15
2051128,59,4605,643,1026,1,4,0,0,363,592,24,44,51,111,23,46,7,10,396,11,0.03,90,0.12088002473716769,0.4629030969030967,52,40
2056556,61,3810,603,1250,0,0,0,0,351,851,41,74,29,88,41,82,3,5,356,11,0.03,57,0.13902830250557532,0.4359315230224321,39,55
2056666,20,2755,327,602,0,0,1,2,192,412,12,18,9,26,17,34,0,0,214,9,0.04,42,0.15799326942898378,0.4700227066584208,68,30
2067341,39,1967,268,415,0,0,0,0,163,267,17,33,0,0,6,12,1,1,171,3,0.02,21,0.24119336060415336,0.48492762743864093,51,25
2081304,28,5924,761,1400,0,0,1,1,438,856,51,73,65,173,37,74,23,32,446,35,0.08,88,0.141274524035329,0.4833473063614637,195,115
2109654,30,2484,377,618,0,0,0,0,233,414,21,33,11,27,9,18,4,5,218,13,0.06,46,0.1503347648367568,0.4028812754310762,40,30
2120825,1,193,22,49,0,0,0,0,14,39,0,0,1,3,0,0,0,0,23,0,0.0,0,0.13682745825602968,0.3258194186765615,4,2
2124255,29,4761,512,951,0,0,0,0,306,640,36,51,24,59,23,49,14,20,381,32,0.08,61,0.19396328808365842,0.49157424537054106,138,51
2128833,37,3284,426,809,0,0,0,0,252,548,50,94,4,12,3,6,3,6,291,12,0.04,31,0.15903709640485472,0.42540633939248546,60,57
2152426,35,4102,514,847,0,0,0,0,288,525,55,105,15,43,3,6,11,17,411,22,0.05,67,0.1690723002487709,0.5134810532604648,107,32
2182272,33,4152,559,946,0,0,1,2,332,605,56,90,13,39,22,47,18,25,300,28,0.09,73,0.05306871626316068,0.36799246135665825,74,26
2182992,60,5417,902,1774,1,4,0,0,416,951,114,228,56,157,73,146,17,38,450,12,0.03,91,0.1285983850894166,0.44769964216152514,94,79
2220519,27,3573,479,839,0,0,0,0,311,605,22,37,8,25,12,24,5,9,279,21,0.08,51,0.16178007276411546,0.4413519311657606,64,26
2256616,31,3338,464,712,0,0,0,0,300,458,33,64,15,41,1,2,5,5,289,19,0.07,35,0.20551435725805478,0.4354995347012156,88,59
2258211,46,4345,624,1033,0,0,4,7,338,613,83,159,7,22,12,24,6,12,398,15,0.04,58,0.22173612197708603,0.47759501208296334,96,32
2293793,64,4154,476,753,0,0,0,0,277,477,35,59,12,31,4,11,3,5,347,23,0.07,57,0.2200561913174024,0.46477069704087565,139,46
2351322,42,6731,995,1796,0,0,0,0,596,1124,123,230,49,143,19,38,7,13,528,26,0.05,92,0.18808506069936307,0.4360474825422061,174,94
2413571,38,2818,349,710,0,0,2,4,227,541,21,40,4,15,3,6,1,1,202,14,0.07,37,0.27845657148687475,0.5136952254629018,120,35
2417137,56,5020,651,1064,0,0,0,0,313,564,115,204,14,40,7,14,13,18,427,25,0.06,67,0.17878926000727197,0.45276228255558926,100,54
2430694,32,4492,511,942,0,0,1,2,303,643,50,79,13,37,8,16,5,11,338,22,0.07,45,0.19271746669536735,0.44560621341008044,145,44
2453372,23,3070,339,593,1,3,0,0,209,396,17,25,11,34,12,24,3,8,246,13,0.05,40,0.17054598263182622,0.5065400128653141,102,19
2459670,12,2700,295,464,0,0,1,1,179,288,14,24,16,48,8,16,2,4,219,11,0.05,21,0.1719603693490681,0.46134924341259953,98,26
2469191,45,3167,503,912,0,0,0,0,330,677,15,24,6,21,28,56,5,6,259,8,0.03,34,0.2147943070985241,0.46076893070115954,68,29
2479892,27,1713,244,448,1,3,0,0,144,308,9,14,5,15,9,21,3,4,157,5,0.03,22,0.1534774436090225,0.47507037005392283,34,14
2489960,36,6426,955,1727,0,0,2,4,567,1112,70,129,40,117,45,93,15,27,462,28,0.06,80,0.14673561699825016,0.40794873123330583,160,67
2491989,22,2591,307,558,0,0,1,1,203,408,13,16,9,23,3,6,7,11,183,14,0.08,17,0.21470571605265487,0.49755785257826096,85,21
2539173,28,2172,304,527,0,0,0,0,197,372,14,22,10,31,0,0,5,10,172,3,0.02,19,0.18257774198590537,0.42347122038958773,49,24
2539186,13,3445,360,654,0,0,0,0,211,402,25,41,25,71,11,22,12,28,280,14,0.05,42,0.14898979292958356,0.44850954818886724,106,28
2549150,30,2456,296,509,0,0,1,2,174,333,11,15,12,28,12,25,9,17,196,28,0.14,57,0.12150404985226407,0.45571367014819414,52,48
2560314,56,3754,596,1072,0,0,0,0,379,770,39,80,11,30,6,17,7,11,339,19,0.06,31,0.21682785066033802,0.4777566821221638,108,32
2619022,19,2843,402,707,0,0,0,0,294,568,11,15,3,5,5,11,6,12,217,19,0.09,49,0.17300541125541127,0.4499061823593073,63,30
2623598,47,5117,625,1197,1,1,0,0,361,781,26,47,29,90,26,53,15,27,408,15,0.04,56,0.20360928686212795,0.4716287195548558,96,56
2637200,17,1727,213,336,0,0,0,0,136,230,17,25,1,2,5,14,1,1,122,5,0.04,27,0.13721004036221424,0.5017792312357531,40,25
2673778,23,2849,372,630,0,0,0,0,232,411,22,48,7,17,12,24,9,17,225,14,0.06,26,0.1678679313349125,0.4741922708667991,70,25
2687912,51,2685,402,708,0,0,1,2,236,453,40,95,5,13,8,16,3,5,254,6,0.02,36,0.16087386604902534,0.3985623408792201,57,29
2721200,72,6506,933,1700,0,0,1,1,513,1010,61,108,38,107,68,138,22,47,559,31,0.06,58,0.1593869321922316,0.39488762986458803,124,99
2763478,32,5547,622,1050,1,3,0,0,386,736,41,58,5,15,6,12,12,26,421,21,0.05,77,0.17143868520859706,0.4383435875825256,138,58
2781660,26,2398,367,620,0,0,1,2,214,400,39,69,7,24,6,12,11,15,172,10,0.06,69,0.18258953971198866,0.49779418087581323,68,27
2956557,42,4226,573,1026,0,0,1,1,327,595,50,86,10,23,3,6,6,18,324,10,0.03,53,0.21095828638636877,0.4852302377987303,123,47
2968946,58,5135,694,1168,0,0,0,0,409,757,52,89,11,35,27,56,9,12,421,27,0.06,87,0.17877365851203073,0.45254541539425236,91,57
2998424,15,2258,299,525,0,0,1,1,202,395,8,10,4,15,11,23,4,7,158,3,0.02,36,0.13625727720555306,0.40704054087674774,47,35
300327,36,4966,505,880,0,0,2,4,352,594,33,62,16,46,12,24,25,50,404,15,0.04,52,0.1557314744079452,0.4296074626297753,110,73
3032835,95,5904,871,1635,0,0,1,1,490,1095,60,84,27,80,19,38,12,20,480,24,0.05,116,0.17485475698543884,0.444654037340725,119,82
3037935,19,3087,353,580,0,0,0,0,218,377,45,75,6,14,4,9,5,11,266,18,0.07,42,0.1777712797192293,0.4641936603529664,85,45
3040526,42,2990,402,737,0,0,0,0,245,514,30,51,6,19,5,10,4,7,272,24,0.09,57,0.18393209586466175,0.48175909707982084,85,34
3046588,25,2956,372,666,0,0,0,0,253,485,14,23,5,13,1,3,6,14,241,7,0.03,27,0.17825483733438288,0.44687134330316153,57,17
309245,42,4678,486,936,0,0,0,0,358,654,38,81,7,20,3,6,21,58,360,21,0.06,75,0.1886692734842644,0.4595035846506431,139,87
3096687,46,3300,434,817,0,0,1,1,225,477,32,46,35,93,18,37,3,5,347,13,0.04,41,0.20881778151711727,0.39369060802615646,85,38
3102119,70,5147,711,1281,0,0,1,2,389,815,62,132,19,54,14,28,10,14,434,29,0.07,109,0.18487743673507573,0.45744040381771794,127,62
3115828,39,3771,415,724,0,0,0,0,223,435,41,83,11,31,11,22,7,18,320,12,0.04,55,0.14397598552332988,0.4120276169814275,60,50
3131080,43,3832,443,875,0,0,0,0,278,635,39,54,12,28,3,6,3,7,285,12,0.04,51,0.1976262533524745,0.44782723631695337,90,26
3133578,26,5540,627,1096,0,0,0,0,374,682,49,73,41,112,17,34,13,21,444,30,0.07,85,0.16586901563962236,0.4717083521282585,155,34
3157336,25,1386,175,290,0,0,1,1,84,159,6,11,6,20,10,20,3,5,151,0,0.0,18,0.18849517906336083,0.4378136888364162,14,16
3215341,36,6172,729,1245,0,0,1,5,417,757,48,82,29,84,40,81,25,35,475,40,0.08,106,0.2077694379590449,0.4596014265852748,239,47
326623,24,3943,414,836,1,2,0,0,266,520,18,28,4,12,20,41,16,38,286,7,0.02,21,0.1740340601364224,0.4570286763397006,123,51
326623_2,41,3302,341,605,0,0,0,0,243,437,22,33,2,2,4,9,20,46,280,4,0.01,43,0.14943545046223616,0.46346199435485214,66,51
326728,35,6193,662,1325,0,0,0,0,430,883,45,82,22,58,11,22,39,81,461,32,0.07,66,0.1667513858195679,0.4404552228074954,174,85
3288458,17,3318,386,669,0,0,0,0,241,451,27,40,20,56,4,8,9,15,253,17,0.07,60,0.13233967582804795,0.44962443160844295,72,39
329383,61,3503,409,861,0,0,1,2,234,380,44,104,4,12,4,8,4,6,321,5,0.02,60,0.1554696750495071,0.4284793668827283,66,58
3304636,53,3365,511,748,0,0,0,0,328,513,30,50,6,14,8,16,3,7,317,14,0.04,54,0.15751803751803764,0.43863122246143615,62,37
3312151,26,2740,377,636,0,0,0,0,253,461,36,49,7,16,2,4,3,7,195,21,0.11,46,0.18119854871904054,0.4218189654152769,84,30
3312257,47,6049,973,1674,0,0,2,4,571,1024,114,207,22,61,40,83,5,7,465,15,0.03,56,0.2233810179719268,0.4379178629451343,245,65
3339590,41,3420,406,754,0,0,1,2,263,544,37,66,11,31,4,8,5,10,275,26,0.09,36,0.18868928628090956,0.46056942839010956,82,24
3341553,31,1229,208,383,0,0,0,0,107,253,17,30,7,17,2,4,2,3,128,8,0.06,11,0.1869560755336617,0.3695607553366174,15,14
335033,47,2448,271,515,0,0,0,0,197,371,15,28,3,7,6,13,8,22,221,13,0.06,41,0.06357010413828594,0.4771000842591752,29,61
3354009,38,2238,363,609,0,0,0,0,181,348,44,68,4,12,9,18,8,11,202,6,0.03,29,0.18278138528138524,0.43176349493513705,22,21
336000,44,4262,448,836,0,0,1,2,267,464,24,49,14,32,20,41,33,67,293,6,0.02,66,0.16352400582710863,0.40647374701670635,89,87
3397165,35,3767,513,920,1,4,0,0,300,627,75,119,2,6,2,4,11,21,309,10,0.03,37,0.1977232340060329,0.45504434179361325,83,40
339718,32,3128,388,732,0,0,1,2,282,549,21,35,7,21,4,8,6,14,255,8,0.03,18,0.19128394051030165,0.4599270023195527,51,75
3402769,6,865,106,212,0,0,2,6,73,162,5,6,0,0,3,7,0,0,82,10,0.12,12,0.18086201824065906,0.5188619902212135,38,13
3404688,36,7401,910,1491,0,0,0,0,580,962,44,84,2,4,75,157,24,34,583,34,0.06,129,0.12554320901914495,0.3953486558005265,158,118
3414355,65,3569,558,981,0,0,0,0,307,601,55,99,18,51,27,58,7,12,310,14,0.05,42,0.16695436262193752,0.45727359228721626,87,37
3419777,30,1761,250,472,0,0,0,0,113,275,27,59,6,18,9,18,3,7,172,3,0.02,36,0.1951910299003323,0.41922665190107106,31,37
342585,32,3047,303,554,0,0,0,0,199,333,16,32,6,21,0,0,9,24,249,9,0.04,33,0.17222436223325902,0.4580927297297405,63,70
342746,22,2258,260,532,0,0,0,0,186,379,12,23,5,14,4,9,5,14,174,5,0.03,22,0.13846341889105043,0.4226742494834603,40,41
3433501,30,1677,253,422,0,0,0,0,156,289,20,34,11,21,1,2,1,1,133,7,0.05,16,0.2040238380041011,0.41238342067289435,30,29
3436242,55,3087,325,561,0,0,0,0,175,346,13,18,14,42,20,46,5,7,226,17,0.08,34,0.17612171931478857,0.47080696164854585,91,16
343823,43,6087,587,1125,0,0,0,0,371,716,44,76,25,65,5,10,30,62,395,36,0.09,105,0.15341306063861837,0.4445744316670555,106,140
350192,65,4526,544,936,0,0,0,0,408,677,21,36,13,38,13,30,25,52,418,16,0.04,67,0.23581531084656104,0.47572937710437674,91,88
3517936,72,4466,545,872,0,0,2,3,320,557,33,50,9,26,6,12,17,30,404,7,0.02,38,0.1779236619064206,0.4458079066527342,95,39
3525435,35,5626,790,1362,0,0,1,1,550,959,57,96,26,72,4,8,6,6,410,37,0.09,40,0.17606168997925564,0.4433536165084696,134,48
3533426,55,4788,681,1251,0,0,0,0,460,962,20,32,11,31,20,41,7,8,412,23,0.06,45,0.17815533109896375,0.494899267399267,112,33
357407,49,2840,329,608,1,2,1,4,212,372,24,53,9,23,3,7,15,31,253,11,0.04,41,0.23247893876524595,0.40587361462880134,59,76
3580741,41,4225,534,1074,1,2,1,1,357,802,15,28,16,44,19,41,4,5,292,17,0.06,60,0.20413154773956577,0.4858180998659839,154,29
358120,11,2320,292,546,0,0,0,0,225,413,17,34,0,0,2,4,7,18,145,8,0.06,20,0.21788053600828927,0.4257324039152234,50,39
3586985,20,1811,256,464,0,0,1,2,144,333,6,13,0,0,8,16,1,1,193,4,0.02,11,0.20317227969770332,0.42104116222760274,40,26
3594602,23,1863,301,508,0,0,0,0,177,332,23,41,6,18,6,12,0,0,178,6,0.03,21,0.26674171724422974,0.519782353325067,65,14
3594775,20,2765,381,659,0,0,0,0,247,474,30,48,8,16,2,4,4,8,218,5,0.02,32,0.2138129673356947,0.45978256591892946,70,25
3605155,49,4446,527,1073,0,0,0,0,270,656,41,86,31,91,30,62,8,16,369,15,0.04,53,0.14422182071763687,0.4401081043549656,100,61
3616924,33,1408,279,584,0,0,0,0,123,329,44,86,13,39,11,22,5,7,133,2,0.02,16,0.25383527392148086,0.49716699009802456,20,23
3617045,48,6542,852,1710,0,0,1,2,430,956,43,71,103,312,45,93,27,49,548,34,0.06,72,0.11750010959504645,0.3934012552145464,145,93
3617251,38,2099,332,557,0,0,0,0,183,330,35,62,5,15,6,12,1,1,175,7,0.04,26,0.2474016424751721,0.4805250585082519,61,34
3619870,41,4425,510,833,0,0,0,0,289,519,55,104,6,17,4,8,4,6,362,10,0.03,56,0.1690362554112556,0.49201912728475217,82,35
3627905,70,6735,963,1936,1,2,0,0,558,1335,42,65,55,135,8,16,8,16,478,17,0.04,95,0.17182937629746137,0.4505832229236486,101,82
363924,37,3542,310,567,0,0,0,0,201,370,25,48,5,13,2,5,12,24,278,17,0.06,48,0.17608199718170398,0.45985159513018753,79,70
3648470,40,4341,521,802,0,0,0,0,294,530,98,127,2,4,3,6,5,11,353,15,0.04,43,0.21051453374951284,0.4529160628355899,103,26
3654487,35,2145,313,619,0,0,1,4,178,436,25,46,4,12,4,8,4,7,181,9,0.05,24,0.2738250492962536,0.44868031619340515,76,19
3701118,17,3397,423,753,0,0,1,3,281,556,35,54,6,18,3,6,2,3,244,19,0.08,39,0.17154999246462682,0.44619569154121996,107,43
3722348,24,3742,430,768,0,0,3,7,256,509,34,58,2,9,4,8,18,30,319,15,0.05,54,0.18895684193854936,0.49407551120965704,90,37
372327,32,7334,826,1493,0,0,3,4,524,930,41,76,35,99,37,76,45,83,453,40,0.09,106,0.1198945880019825,0.42981301204012456,160,91
3724121,36,3982,545,961,0,0,0,0,322,632,32,45,26,78,7,15,7,11,321,2,0.01,32,0.24304998264314312,0.5037620398469452,142,30
3727765,43,4999,661,1161,0,0,0,0,401,743,38,70,41,116,29,60,8,10,410,26,0.06,90,0.1873336448904632,0.49572502623638925,127,52
3760470,27,3243,494,938,0,0,0,0,351,754,11,14,9,25,0,0,8,15,259,8,0.03,40,0.14074566749324052,0.4639719315204753,54,33
3773066,110,3981,498,812,0,0,0,0,210,424,82,108,13,36,0,0,2,4,367,22,0.06,40,0.178901361343222,0.4129914780883773,52,52
3774972,30,3388,419,833,0,0,1,2,244,586,32,62,14,36,2,4,8,13,275,19,0.07,38,0.15956295045437147,0.5242302670519826,111,40
3791847,27,2475,347,521,0,0,1,3,202,316,13,20,13,40,10,21,3,5,200,15,0.07,32,0.2889623868195298,0.4960473785473785,94,24
3827508,22,3715,367,620,0,0,3,9,215,388,25,40,12,34,7,15,10,16,282,38,0.13,61,0.17164188391461122,0.473249359840269,154,34
3897773,62,3803,542,880,0,0,3,6,236,476,96,138,14,32,16,33,13,17,343,7,0.02,50,0.13374802251572807,0.43685450212362364,76,50
3908949,64,4212,516,859,0,0,0,0,296,556,34,62,9,28,11,24,9,9,325,21,0.06,52,0.20686420186420215,0.4878921616421613,99,53
3914671,63,3762,485,803,0,0,0,0,279,512,61,106,2,6,4,8,2,3,266,19,0.07,63,0.19726948882319728,0.48163399615445673,84,52
3930261,45,4457,627,1083,0,0,0,0,414,730,32,55,30,89,16,33,14,19,305,30,0.1,69,0.15576720576720587,0.395952733452733,127,47
3944162,27,2618,366,723,0,0,0,0,206,460,30,82,9,31,9,18,1,1,204,2,0.01,23,0.17594933345835884,0.4575981449356901,60,16
3945598,55,4662,570,978,0,0,1,3,321,591,37,58,15,44,13,26,7,12,263,3,0.01,40,0.19812248463446078,0.4714522381588247,95,63
3957873,18,2217,285,475,0,0,0,0,172,316,16,27,6,18,0,0,0,0,173,6,0.03,26,0.17900532867400343,0.4454835213871358,55,60
3978535,35,4256,540,1021,0,0,0,0,322,673,19,29,45,129,8,19,21,29,256,31,0.12,65,0.1480801456607909,0.4351626867755897,91,35
3996840,42,2847,416,716,0,0,0,0,261,496,29,50,16,39,5,10,1,2,264,28,0.11,68,0.2094738650054267,0.47045690005822915,89,24
3998747,20,2304,365,633,0,0,2,4,237,459,26,39,4,15,4,9,2,6,200,4,0.02,32,0.1608313373784685,0.4933665253234925,40,22
3999110,55,5238,757,1304,0,0,0,0,471,907,49,89,21,60,10,20,6,13,465,29,0.06,53,0.19416719959333617,0.4810950003279545,134,51
4011863,29,3108,525,950,1,2,0,0,322,634,37,71,13,38,5,10,11,26,267,6,0.02,36,0.2252569450417137,0.5009111932952994,90,35
4012336,44,5513,727,1322,0,0,1,2,475,978,31,45,20,54,10,20,18,24,451,40,0.09,78,0.20466585632443857,0.4656667743533405,180,53
4087767,8,4567,647,1172,0,0,3,9,472,848,49,90,19,53,10,20,14,26,282,18,0.06,83,0.1090540491586517,0.44025351391983164,72,50
4116481,19,1623,220,356,0,0,0,0,141,255,13,20,3,3,4,8,1,2,140,3,0.02,15,0.23239409400123692,0.453981352642067,48,19
4132835,42,3537,426,800,1,3,0,0,229,490,40,76,21,47,11,25,9,16,300,15,0.05,41,0.24071422768473738,0.4264524215730644,111,39
4136229,39,3289,524,915,0,0,0,0,296,615,33,43,16,46,12,24,11,17,290,8,0.03,19,0.21458561090650655,0.42804727445025936,84,39
4137939,36,4884,705,1213,0,0,1,2,427,777,41,64,41,111,27,55,17,27,479,18,0.04,78,0.1929070386707959,0.45048647220373966,129,46
4138337,39,4796,546,923,0,0,2,3,304,569,45,82,18,46,25,50,10,14,369,22,0.06,66,0.1352142131611408,0.42559096552113324,71,46
4140014,35,3912,551,1060,0,0,0,0,287,609,53,95,35,85,33,70,14,28,321,31,0.1,63,0.17214084172630115,0.4596363415496067,86,40
4143104,41,4359,578,968,0,0,0,0,379,696,37,50,14,35,4,9,11,23,357,13,0.04,78,0.14660533071579598,0.4411620111154995,107,57
4154006,44,2446,377,730,0,0,0,0,218,471,22,38,10,36,13,27,6,10,241,7,0.03,22,0.1897388357256779,0.43462503661751795,57,28
4160361,65,8416,1001,1814,0,0,1,4,642,1252,50,82,33,92,49,101,12,20,774,41,0.05,68,0.19927458406572332,0.49097396555624345,323,67
4169442,13,2284,317,553,0,0,1,3,150,282,39,66,22,63,15,32,6,12,204,8,0.04,19,0.23994963023088042,0.4727991973304475,79,16
4194509,41,3540,433,754,0,0,0,0,233,467,32,54,4,12,17,34,5,10,258,4,0.02,46,0.24145399670751802,0.45724471068837186,116,43
4204088,52,3177,489,858,0,0,0,0,307,583,34,65,20,62,7,14,4,8,253,11,0.04,37,0.19820435366321448,0.46234483168027446,74,40
4215194,51,3823,461,946,0,0,1,2,264,638,28,41,6,18,0,0,13,26,295,11,0.04,31,0.2803842106720573,0.5060235239766163,159,55
4215645,41,3854,486,879,0,0,1,2,307,602,30,57,14,40,12,24,7,8,357,13,0.04,44,0.15561182048577019,0.4441356542617048,89,29
4220471,28,3621,491,913,0,0,0,0,291,619,38,68,10,25,7,16,4,5,291,6,0.02,71,0.1628617458490876,0.4600019818437542,59,81
4225570,14,4235,405,695,0,0,1,1,216,369,23,53,22,57,16,32,9,22,309,40,0.13,47,0.23510159354692403,0.47915675630368093,174,39
4226235,39,3973,495,899,0,0,2,3,245,524,30,45,35,88,8,17,20,36,275,29,0.11,65,0.14248435851047808,0.46331456893024126,101,37
4673634,55,5319,679,1336,0,0,0,0,377,918,76,142,7,19,6,15,10,15,440,20,0.05,85,0.1822098807625126,0.4649574694311529,107,94
4673899,9,594,90,150,0,0,0,0,59,107,2,3,1,3,3,6,1,3,59,0,0.0,2,0.26090225563909764,0.49199387357282093,17,9
4682370,21,1763,241,403,0,0,0,0,143,258,12,23,0,0,5,10,5,7,196,8,0.04,15,0.15174036597349477,0.43552111998431026,32,33
4688269,33,3664,526,858,0,0,0,0,316,592,42,61,3,8,1,2,0,0,251,17,0.07,31,0.1981711568001893,0.5133504309310764,116,51
4689501,68,3004,534,1046,0,0,2,4,305,725,50,93,15,42,11,26,1,1,333,18,0.05,28,0.21761900910477436,0.4772246357833546,66,46
4709727,15,2651,325,538,0,0,0,0,196,343,16,27,12,35,4,8,11,20,196,24,0.12,52,0.1616709336064175,0.4642081992081993,67,33
4714268,48,4995,555,1113,0,0,0,0,332,785,29,52,1,1,24,49,7,14,322,15,0.05,95,0.1358487126908182,0.3944980432364333,109,49
4716505,21,1499,254,495,0,0,0,0,159,363,7,13,1,4,12,28,0,0,130,3,0.02,17,0.18740127758420452,0.3894201597860138,24,17
4726283,28,2692,379,670,0,0,1,2,228,466,19,32,8,18,7,14,2,3,243,9,0.04,25,0.20696182205328556,0.4652356902356903,64,32
4769772,31,4045,523,884,0,0,0,0,314,556,36,69,14,45,10,20,6,11,350,23,0.07,27,0.17056803556803574,0.4569999840454386,126,34
4780361,30,2866,353,727,0,0,1,1,209,506,24,40,20,54,2,4,9,16,240,22,0.09,62,0.2093733539188086,0.5136657029838846,83,33
4784289,51,5351,742,1484,0,0,0,0,362,826,41,84,59,167,61,123,17,47,469,14,0.03,57,0.13421490360194396,0.40373818242469667,133,78
4789280,29,1399,216,397,0,0,0,0,131,280,17,35,3,3,1,4,1,3,108,12,0.11,14,0.19547017085478635,0.47396979089286784,39,18
4797138,30,3087,326,516,0,0,1,3,180,309,27,42,2,6,6,12,6,9,300,14,0.05,33,0.19731736557494148,0.48130653577623217,68,50
4802604,49,5146,573,1031,0,0,0,0,339,705,47,69,13,36,5,10,9,14,433,30,0.07,90,0.12768190743963956,0.5093928534237807,116,85
4804188,50,6915,915,1475,2,4,1,2,559,940,51,87,36,95,17,34,33,49,530,23,0.04,100,0.1628306893244783,0.45495452752906096,249,67
4805471,45,4991,690,1256,0,0,0,0,439,897,48,83,16,39,13,26,14,24,396,15,0.04,71,0.2648375021360216,0.5373148959045343,183,61
4805549,64,4227,597,1044,0,0,1,2,397,773,32,47,4,8,9,18,3,5,410,3,0.01,48,0.16474526872008896,0.4462911835034135,70,48
4822786,0,92,15,18,0,0,0,0,9,12,0,0,0,0,0,0,0,0,11,0,0.0,2,0.4375,0.5125,3,1
4831944,8,1084,112,217,0,0,1,2,71,156,5,7,1,3,0,0,0,0,101,2,0.02,17,0.1462415501165501,0.47675174825174826,35,13
4835811,20,3125,383,642,0,0,1,2,217,365,35,61,18,44,23,46,8,13,207,18,0.09,53,0.17237805276484527,0.4806476217702635,58,31
4839442,47,4660,700,1147,0,0,0,0,419,753,27,36,31,74,27,54,8,8,355,24,0.07,54,0.12779172282120388,0.4152694056467639,81,39
4842966,15,1687,215,357,0,0,0,0,133,238,10,15,2,4,11,22,5,7,83,5,0.06,23,0.16042438358742708,0.47255643390425994,28,17
4847419,28,1956,314,519,0,0,0,0,215,387,15,21,10,23,0,0,1,4,162,9,0.06,26,0.12210439335439335,0.4037041912041913,40,32
4855045,43,4315,571,1054,0,0,1,3,339,676,51,98,23,63,28,56,17,24,344,23,0.07,57,0.1554763740438521,0.4292509162420661,110,42
4855515,39,3664,464,799,0,0,2,2,252,490,45,78,11,32,18,37,12,20,359,8,0.02,42,0.17252467532467544,0.46502091400662804,89,33
4859401,46,7223,860,1422,0,0,1,2,526,870,64,95,33,95,28,57,23,39,507,71,0.14,114,0.19110042697029028,0.4771157366225859,214,63
4859903,18,2313,290,464,1,5,0,0,172,289,14,26,4,13,6,12,6,14,216,15,0.07,28,0.1272030906252217,0.4419907960891571,48,27
4868483,68,7001,1068,2200,0,0,0,0,656,1537,116,211,44,131,16,33,12,17,535,25,0.05,126,0.17498351782626,0.4713344943586876,143,56
4868498,22,3854,469,876,0,0,0,0,292,578,27,48,23,68,12,25,10,16,367,44,0.12,62,0.18820491768767655,0.4820851179471867,100,57
4874069,63,5742,644,1188,0,0,1,2,391,798,38,74,17,50,3,6,6,15,455,35,0.08,74,0.20539177489177488,0.47940763689236954,141,122
4893716,49,6599,729,1299,0,0,1,1,440,840,51,85,38,102,19,38,29,48,383,43,0.11,150,0.15516271310388985,0.4597332841450488,181,104
4897621,16,652,118,238,0,0,0,0,64,154,12,21,6,18,2,4,1,1,67,2,0.03,7,0.27556444991789825,0.3544950738916255,23,9
4902590,63,4339,547,1115,0,0,1,4,321,785,34,52,9,26,17,39,5,10,429,28,0.07,72,0.15922868797868808,0.4148011564458933,91,50
4908010,39,4289,466,795,0,0,0,0,259,486,17,27,20,43,27,55,7,12,332,21,0.06,51,0.17462019819962807,0.4604183234733132,143,59
4914495,73,5107,717,1257,0,0,5,12,351,735,66,111,29,70,30,60,9,14,525,28,0.05,83,0.23106643696439644,0.4671671406824462,120,54
4915199,38,4181,450,762,1,3,0,0,245,471,33,54,10,28,2,4,7,15,342,16,0.05,66,0.17410678518354428,0.42876044945341296,119,48
4933098,43,6320,752,1331,0,0,1,3,431,793,40,74,53,122,57,117,19,33,486,27,0.06,60,0.18197012117641476,0.43359598909249236,237,76
4936986,44,3813,487,962,0,0,0,0,267,632,53,92,7,20,26,52,5,9,369,13,0.04,49,0.2230015769944341,0.4991611523397234,93,49
4938642,28,5599,749,1467,0,0,3,6,427,916,45,68,47,127,28,56,16,26,420,38,0.09,80,0.19165965352337203,0.45642256159404115,172,43
4943125,37,6140,811,1628,0,0,0,0,481,1105,29,54,65,170,40,83,16,24,501,24,0.05,65,0.1481885055243264,0.39319602205423093,152,76
4957931,41,5087,747,1355,0,0,0,0,500,976,59,95,20,55,2,4,15,29,352,40,0.11,134,0.12207886830837657,0.42790156969118687,79,79
4962381,36,5171,609,1125,0,0,1,1,380,754,48,84,24,74,12,25,11,27,431,39,0.09,62,0.19303053093114722,0.4921123906909729,178,37
4963458,28,4159,458,855,0,0,0,0,267,565,23,38,27,77,9,18,4,7,306,9,0.03,26,0.20158278648764916,0.4680701762414232,112,51
4966927,31,8430,958,1770,0,0,1,3,605,1225,46,78,46,114,37,75,17,21,766,22,0.03,110,0.19570348117359315,0.4919289051200634,274,81
4969518,22,2701,318,492,0,0,0,0,172,268,21,30,31,89,3,6,2,2,234,2,0.01,36,0.18615257739055824,0.48978342793246665,49,32
4969972,31,3475,492,832,0,0,1,2,295,558,23,40,6,18,19,39,3,3,295,15,0.05,40,0.25268445874750867,0.5256872347268239,116,33
4973968,48,4616,544,930,0,0,1,2,294,563,49,70,21,60,20,40,5,5,384,20,0.05,62,0.17851200394988612,0.4936480972071601,138,61
4975752,33,1962,278,528,0,0,0,0,170,374,15,25,3,12,2,4,2,4,208,16,0.08,31,0.2138858585858586,0.45037938311688314,38,26
4978725,23,1739,209,394,0,0,0,0,101,242,30,48,1,6,0,0,2,2,145,7,0.05,26,0.1636066017316017,0.44408177759740264,37,39
4998222,57,3209,540,974,1,4,1,2,316,669,44,69,7,30,16,32,4,9,247,10,0.04,25,0.16137839116938804,0.48302265883455636,69,38
5001462,18,5096,508,929,1,3,1,2,297,590,34,57,23,56,5,10,3,4,316,11,0.03,85,0.1850647767418928,0.5099661480108183,124,47
5005865,32,6474,804,1481,0,0,0,0,463,902,42,66,36,106,45,90,22,37,542,21,0.04,65,0.18336927546138085,0.44992520600744285,199,59
5017785,58,6362,1026,1771,0,0,1,3,645,1244,77,113,25,57,24,48,22,35,631,37,0.06,93,0.16729726486554236,0.49921932914579964,155,50
5030068,30,1573,189,368,0,0,0,0,84,226,14,22,4,11,0,0,5,8,154,6,0.04,29,0.23071188071188062,0.4631306832497311,22,13
5032267,57,3333,399,946,0,0,0,0,233,701,14,29,20,57,6,12,2,4,264,16,0.06,41,0.16816697718596477,0.4800450709627925,55,55
5040386,50,2531,553,851,0,0,0,0,352,587,23,38,6,18,11,22,7,10,241,5,0.02,19,0.21226658660044245,0.4870500580923782,58,27
5057923,32,2396,478,1103,0,0,0,0,248,794,48,56,24,64,14,29,7,12,217,6,0.03,34,0.14413127413127408,0.3867953667953669,14,30
5060104,53,3489,395,852,0,0,0,0,209,604,25,36,9,25,19,38,3,5,309,12,0.04,50,0.23079634884256747,0.4820701108726318,104,32
5065949,46,3771,497,868,0,0,0,0,312,606,24,41,9,19,10,20,5,8,320,16,0.05,46,0.21486954860995797,0.4913459678996758,148,20
5091110,10,2345,286,521,0,0,0,0,160,311,25,45,18,46,20,41,3,5,162,2,0.01,24,0.15041888770433545,0.3541712568111822,40,25
5108402,59,4788,631,1017,0,0,0,0,329,565,87,148,14,40,18,42,10,23,371,25,0.07,61,0.17258052355594222,0.42366459725769373,124,34
5114819,30,2484,501,846,0,0,0,0,335,635,14,22,7,17,6,12,6,12,172,16,0.09,43,0.23473789912548293,0.4925706610689831,116,12
5120139,42,5306,536,892,0,0,0,0,303,540,38,69,10,31,17,34,11,21,469,27,0.06,69,0.21290721304728094,0.47285747972080727,197,49
5128559,58,5480,754,1476,0,0,2,4,461,1070,59,101,18,52,4,11,11,21,499,29,0.06,89,0.17795836406851906,0.4501901173028538,116,72
5132245,38,6123,780,1393,0,0,0,0,464,849,47,80,57,175,22,45,18,37,597,20,0.03,85,0.1950650028569491,0.4466748985540932,182,39
5133823,13,928,153,261,0,0,0,0,103,192,6,12,1,3,2,4,1,2,78,3,0.04,11,0.2718355199222546,0.49796930677032714,30,6
5136212,63,8575,1248,2639,1,2,0,0,708,1645,42,78,98,284,94,192,42,73,623,36,0.06,128,0.1393885281385284,0.4198023597415961,203,97
5137749,23,3095,340,583,0,0,0,0,222,406,18,36,11,32,7,15,3,4,263,17,0.06,53,0.17322974171598035,0.4777387130368778,95,24
5138814,29,2365,277,551,0,0,0,0,189,428,12,20,2,6,3,6,1,2,205,15,0.07,31,0.16093711505296887,0.3749266034327012,57,61
5139657,34,3045,407,745,0,0,0,0,245,519,22,36,19,43,5,10,3,4,311,12,0.04,30,0.21443867601045855,0.468297080394852,91,39
5142784,50,5899,739,1335,0,0,4,8,418,808,52,87,34,95,37,74,22,42,468,45,0.1,63,0.15289696297111555,0.41163094869662664,147,106
5144960,31,2744,435,816,0,0,0,0,261,586,41,69,2,6,0,0,7,12,238,5,0.02,39,0.20570537765483632,0.4752892644860158,38,28
5162494,52,3824,509,858,0,0,0,0,324,611,29,43,12,30,3,6,4,8,369,24,0.07,49,0.2011363942084281,0.499878965196762,94,36
5169949,17,757,111,176,0,0,0,0,66,123,6,6,1,2,1,2,0,0,74,2,0.03,10,0.20016705516705505,0.44120754245754257,13,13
5175408,53,4444,580,1251,1,2,0,0,335,895,35,61,18,46,8,16,9,16,357,24,0.07,51,0.1994894084954938,0.4699526521483922,119,46
5177503,29,5105,676,1237,0,0,0,0,381,776,29,49,34,86,50,100,6,13,381,30,0.08,71,0.14755313852813862,0.46074428571428555,143,47
5180358,24,3432,383,746,0,0,0,0,209,474,24,36,24,62,13,26,4,6,279,14,0.05,54,0.1945696979787891,0.4578049896231708,92,34
5181519,77,2600,418,897,0,0,1,2,224,642,18,32,13,34,12,26,3,4,277,5,0.02,28,0.2015986915706019,0.44602045062719237,52,25
5183445,61,3982,564,1110,0,0,1,4,296,681,49,82,31,99,29,58,5,10,418,5,0.01,60,0.22673386000972237,0.4286573771056528,83,42
5188549,43,2296,349,697,0,0,0,0,225,531,9,17,7,21,6,12,7,17,234,9,0.04,15,0.20726003592627315,0.49478819862840484,45,18
5207364,42,5627,658,1189,0,0,0,0,359,710,62,128,23,67,39,80,7,12,421,31,0.07,52,0.1723074027981292,0.4525536497677145,161,32
5207852,38,1788,295,504,1,3,1,3,159,308,21,38,10,29,9,18,3,3,201,11,0.05,19,0.21267351384998442,0.4860338209357817,33,24
5210776,14,2668,360,635,1,2,0,0,205,421,21,36,9,24,3,6,8,22,243,3,0.01,25,0.1011052213093029,0.4207942114574768,59,28
5228232,32,3625,415,683,0,0,0,0,244,413,30,49,13,36,10,20,9,14,272,24,0.09,47,0.19095350983106096,0.5201776933069453,130,48
5263858,63,3907,544,997,0,0,0,0,324,624,33,56,15,42,6,12,4,9,352,5,0.01,32,0.15963036659942031,0.4409870732018788,69,47
5270352,36,2443,427,755,0,0,0,0,258,526,32,55,1,3,2,4,2,3,255,8,0.03,28,0.24176046176046181,0.5286402403566582,59,34
5292157,37,2458,358,601,0,0,2,6,204,407,39,55,2,6,4,8,1,2,203,2,0.01,23,0.18263653324287651,0.4233680757468074,40,47
5299927,42,4556,522,850,0,0,1,2,336,594,16,22,7,21,15,30,7,13,413,20,0.05,42,0.2104824525579244,0.4744800430177783,123,67
5303193,83,7574,873,1528,0,0,0,0,484,948,53,82,42,105,53,108,16,29,588,42,0.07,104,0.18408077911214668,0.4702561689669599,167,77
5325205,58,2873,474,861,0,0,0,0,259,541,49,92,17,53,2,4,7,16,209,15,0.07,39,0.1965315295815297,0.37406356421356435,63,23
5339830,38,4680,548,1110,3,11,1,1,285,676,64,123,30,65,13,26,20,30,356,26,0.07,66,0.1721390413538221,0.4497485334783253,149,64
5358512,33,2942,405,670,0,0,0,0,230,438,21,38,7,17,4,8,2,2,276,8,0.03,23,0.22771844280869558,0.4359354374065565,64,42
5370413,26,1249,222,427,0,0,0,0,125,290,18,36,4,12,0,0,1,1,120,6,0.05,24,0.19756023348236454,0.5246474995860242,16,14
5381838,28,2797,367,640,0,0,0,0,235,433,23,35,17,59,6,12,1,2,229,8,0.03,26,0.14954491592512442,0.4482075717492384,59,43
5393554,47,3036,426,716,0,0,0,0,282,500,18,37,7,17,16,32,9,22,257,19,0.07,46,0.22191551799748538,0.5121020536840204,92,25
5397266,22,1496,217,469,0,0,0,0,128,340,12,20,3,12,6,12,4,4,150,7,0.05,17,0.19024207085431574,0.4056122448979596,33,16
5399885,27,1927,275,532,2,5,0,0,149,340,33,62,0,0,6,15,4,5,170,11,0.06,14,0.15127622867328747,0.39769283167812597,34,40
5403994,21,2824,342,644,0,0,0,0,219,480,40,74,1,3,2,4,1,2,204,11,0.05,33,0.1736597460140406,0.4724681632273658,69,14
5405268,35,4407,527,989,0,0,1,1,319,701,33,58,19,57,10,20,6,9,398,19,0.05,44,0.2515175830043674,0.49077259439043575,175,39
5405314,35,2334,327,707,0,0,0,0,196,536,11,22,5,15,3,6,2,4,209,19,0.09,26,0.23104969866734598,0.47142632204396934,76,23
5428513,27,2772,372,626,0,0,0,0,213,380,27,43,16,47,13,26,7,17,220,7,0.03,29,0.2214459701178452,0.5002433311287477,83,37
5436162,40,5709,686,1502,0,0,1,2,319,956,100,190,20,43,24,48,13,23,459,26,0.06,56,0.19729864138168654,0.42960823634266515,158,36
5437121,47,2968,439,768,0,0,1,2,243,480,35,60,10,26,3,6,5,9,268,18,0.07,44,0.24149304711804712,0.492267661955162,83,24
5437148,52,3449,543,984,0,0,0,0,318,656,35,59,24,73,14,28,2,3,369,17,0.05,35,0.21747539067306518,0.41908391852190285,93,63
5437601,23,1971,270,518,0,0,0,0,155,342,6,11,19,58,2,5,6,8,146,9,0.06,22,0.18596092796092795,0.4022014652014653,45,14
5445283,41,3780,442,700,0,0,0,0,281,485,27,36,13,28,7,14,2,3,339,7,0.02,50,0.22881557798637034,0.4748534942779994,124,29
5451348,26,4003,526,920,0,0,0,0,257,459,34,57,40,118,4,9,7,13,329,19,0.06,60,0.26092991676515703,0.49452937730969765,177,34
5485405,35,3080,403,862,0,0,0,0,233,616,19,32,14,39,7,14,6,14,232,9,0.04,41,0.18629525927691076,0.4813027500871536,90,23
5487846,51,3892,510,953,1,2,1,2,322,677,20,30,12,32,30,65,4,6,350,7,0.02,41,0.17035406947421503,0.48284150450412533,99,29
5490040,26,3293,408,815,0,0,2,5,265,601,21,37,7,19,6,12,4,8,239,22,0.09,44,0.15714147426647446,0.41025696448613125,90,46
5493329,19,1934,264,457,0,0,0,0,165,301,12,17,7,20,5,10,5,14,162,5,0.03,21,0.17122553713567545,0.4348660735066263,48,18
5498311,29,1814,341,555,0,0,1,1,217,388,18,35,3,9,9,18,1,1,178,2,0.01,27,0.17113711371137114,0.41913139802991295,31,39
5499712,14,958,113,166,0,0,1,2,61,104,7,13,0,0,1,2,0,0,91,3,0.03,8,0.20242108079186724,0.4789147494203675,18,7
5502518,32,3373,462,799,0,0,1,2,288,568,24,43,3,9,13,26,2,3,276,8,0.03,25,0.19732720057720082,0.4390435505852169,103,27
5514667,14,1006,180,283,0,0,0,0,114,181,11,22,7,24,0,0,4,6,89,8,0.09,14,0.18813290467702223,0.3944020032255328,18,9
5522493,18,5471,850,1423,0,0,0,0,488,820,45,75,34,90,77,161,26,51,431,16,0.04,72,0.1455862713969676,0.4145734632279619,103,55
5526689,57,4532,706,1235,1,2,0,0,404,787,68,126,3,7,43,86,9,14,369,11,0.03,46,0.18021874270412302,0.4521781516079762,131,70
5539359,40,3981,576,1016,0,0,0,0,364,712,42,63,8,24,20,40,10,23,350,16,0.05,50,0.22222456842261257,0.45268611719711915,103,45
5544938,45,4078,457,837,0,0,0,0,285,559,30,55,21,60,9,18,1,1,375,16,0.04,54,0.23614037471914204,0.5108069194884264,106,47
5556459,25,3329,492,778,0,0,0,0,265,436,53,97,15,40,11,22,3,5,292,11,0.04,33,0.18614118400756338,0.4702298954238606,62,50
5563288,26,1981,302,445,0,0,0,0,188,288,18,32,2,4,1,2,8,12,189,9,0.05,33,0.23863035622569534,0.47568952234206496,76,22
5570908,48,2618,420,789,1,1,0,0,254,550,30,58,18,44,12,25,6,7,224,9,0.04,27,0.19897076951449166,0.4475217906159611,38,36
5589180,36,2015,316,499,0,0,1,1,175,306,30,50,7,19,9,18,2,4,187,4,0.02,24,0.19999846901066412,0.4806608784169759,48,30
5599020,62,4481,541,879,0,0,1,1,325,576,32,55,13,32,8,16,10,17,408,16,0.04,62,0.19761474842248167,0.5224613721965414,114,62
5599261,38,3154,362,645,0,0,0,0,193,393,43,71,7,21,5,10,4,9,268,11,0.04,28,0.254165257641712,0.4702559928529454,115,21
5607753,19,1321,153,277,0,0,0,0,67,159,19,39,3,9,2,4,3,4,106,2,0.02,9,0.18339118109029606,0.41537332873616073,35,10
5610488,50,3295,356,549,0,0,0,0,212,357,17,26,10,29,2,4,1,1,313,4,0.01,35,0.20527264402264422,0.45624592999592994,64,23
5615665,39,2539,381,882,0,0,1,3,236,663,10,17,26,75,8,16,3,6,245,6,0.02,31,0.21040778490145592,0.5259299748540257,60,19
5616887,35,6006,619,1254,0,0,0,0,362,866,57,92,24,67,14,28,12,22,402,28,0.07,64,0.15490651681108472,0.43092924114131226,141,70
5619054,45,3761,488,820,0,0,0,0,308,562,24,37,12,36,16,38,12,16,297,25,0.08,32,0.17357341091251996,0.4126408801594441,107,51
5626016,22,3434,455,750,0,0,0,0,325,567,22,39,5,16,0,0,6,10,270,19,0.07,27,0.19955908382894386,0.49808997012852135,104,27
5643860,34,5065,571,1195,0,0,2,4,344,863,45,65,9,23,20,40,7,11,368,19,0.05,49,0.17337614415105185,0.45877159843026954,131,37
5648438,43,3085,381,653,0,0,3,8,198,372,45,78,13,34,5,11,3,4,294,18,0.06,60,0.17317357664918653,0.47517122443951704,89,34
5670857,10,1333,186,318,0,0,0,0,102,199,7,12,13,33,5,10,1,1,130,5,0.04,20,0.1448840917352367,0.42689159864732407,17,32
5706285,36,3009,378,642,0,0,0,0,222,415,48,88,5,13,1,2,3,9,265,15,0.06,37,0.1805054143742906,0.44521624229117,63,35
5709553,34,4523,460,890,0,0,0,0,279,604,31,60,16,51,11,22,19,20,285,19,0.07,32,0.16715113571687282,0.5419427556728352,137,97
5712645,38,1794,274,493,0,0,0,0,170,364,12,14,4,12,8,17,0,0,178,2,0.01,26,0.1674540976265114,0.41179052429052443,11,22
571366,48,11573,1309,2051,0,0,1,2,745,1279,84,132,12,30,44,89,64,77,940,69,0.07,229,0.19685361302955198,0.489440881252659,334,186
5718212,45,3330,564,960,0,0,0,0,351,661,50,89,3,9,4,8,5,7,267,8,0.03,27,0.24473515078961997,0.5207092976855545,73,13
5724024,37,2982,359,613,0,0,0,0,205,394,38,69,2,6,7,17,2,3,217,4,0.02,35,0.20482083382083383,0.4819585722085719,91,37
5736086,35,3271,460,809,0,0,0,0,277,543,45,74,17,35,2,4,3,8,256,17,0.07,49,0.22703882031281428,0.46901129829922383,116,36
5742791,20,2783,378,601,0,0,0,0,229,403,32,51,5,15,9,18,1,1,239,11,0.05,25,0.1954109950759437,0.41479679064730607,70,27
5746751,12,1323,113,202,0,0,0,0,72,156,7,11,0,0,0,0,1,2,116,2,0.02,14,0.25588683616852625,0.5380860923114444,58,13
5755483,25,4357,464,806,2,5,0,0,293,561,30,55,2,2,6,12,16,26,258,15,0.06,39,0.148062327182439,0.3907598867096075,128,85
5759592,53,2098,320,522,0,0,0,0,144,272,57,113,0,0,5,14,2,4,192,10,0.05,20,0.17109038291358727,0.39544404183906934,56,18
5764635,45,3274,520,867,0,0,0,0,298,557,55,100,7,15,22,44,3,5,282,3,0.01,32,0.2115727085832508,0.49041188563778904,83,36
5765673,29,2930,361,615,0,0,1,1,202,384,22,32,8,26,0,0,4,6,290,22,0.08,81,0.180505983126722,0.4511714146018118,78,55
5791798,19,691,95,200,1,2,1,2,52,145,3,6,0,0,0,0,0,0,82,5,0.06,10,0.23094115004492363,0.46545372866127593,8,7
5804513,75,3911,630,1265,0,0,0,0,380,892,27,51,15,33,26,56,13,16,422,19,0.05,58,0.16473163065590685,0.3939830702581261,100,42
5805900,30,5013,547,1046,1,3,1,2,347,765,40,61,11,31,4,8,7,13,377,17,0.05,33,0.17344803971922637,0.46372891546620326,165,44
5810283,28,1728,213,349,0,0,4,8,126,234,20,32,3,9,0,0,4,4,141,13,0.09,20,0.2474192879631191,0.4909219748505465,56,16
5812098,37,2755,409,728,0,0,1,2,224,447,35,52,14,42,14,28,4,7,289,5,0.02,31,0.1751885663356251,0.4078019126842656,41,22
5826159,33,2548,403,765,0,0,1,2,250,554,22,37,12,32,5,10,5,10,234,7,0.03,36,0.19218113381716337,0.48114124437653844,43,37
5828716,19,1486,232,386,0,0,0,0,134,240,17,32,3,9,11,22,2,6,123,5,0.04,23,0.23290172900951348,0.5098981690299054,40,17
5828980,37,2488,337,572,0,0,0,0,188,356,30,62,3,9,11,22,6,11,228,7,0.03,34,0.1964117217470877,0.4434402679524633,62,22
5838577,43,4469,595,1045,0,0,1,2,335,657,28,50,31,70,26,52,13,32,358,25,0.07,56,0.17604844687476284,0.4924435558593446,116,41
5844014,34,1939,259,410,0,0,0,0,146,266,10,16,5,15,6,12,1,1,166,16,0.1,28,0.28001827407565133,0.47382046459915306,58,14
5850896,62,5984,837,1483,0,0,2,2,469,939,60,112,31,83,33,66,4,8,487,30,0.06,73,0.18549608640517742,0.507107021565896,207,61
5852750,43,3953,525,914,0,0,0,0,283,500,55,98,41,131,19,39,4,7,319,11,0.03,78,0.21490002185314697,0.4814314678377181,116,39
5856249,41,4756,670,1148,0,0,0,0,441,820,31,54,19,56,20,40,6,8,461,15,0.03,56,0.20130062433669654,0.4541687487529167,99,43
5869452,35,3853,464,856,1,3,1,3,286,592,41,72,12,32,5,10,9,18,295,8,0.03,55,0.2389334769591781,0.47399407121953807,115,38
5871941,37,1711,266,493,0,0,0,0,153,331,8,12,13,41,3,6,0,0,161,10,0.06,33,0.17618236977175528,0.4943383649249572,32,14
5875625,9,979,125,210,0,0,0,0,75,147,12,15,3,9,4,8,1,1,92,6,0.07,8,0.2100103260653719,0.39063075049313584,25,15
5876601,33,6149,688,1266,0,0,2,3,423,888,49,85,8,18,20,42,6,6,419,23,0.05,59,0.2097964505859238,0.4905410536989483,178,80
5882391,0,1164,114,182,0,0,0,0,65,106,9,14,5,14,4,8,1,1,78,8,0.1,15,0.15969044183329895,0.40733611626468774,49,5
5883605,41,4298,629,1217,1,5,0,0,361,789,45,78,41,105,20,41,6,16,346,31,0.09,63,0.18442012503790803,0.4993953640662646,122,39
5886708,31,6172,683,1253,0,0,0,0,425,855,76,132,21,58,7,14,14,23,489,29,0.06,72,0.21793935104529621,0.49269726377958,261,53
5887896,32,5916,688,1251,0,0,1,6,437,858,42,68,24,64,27,58,8,12,408,43,0.11,71,0.18860757349952592,0.4021128895942607,173,51
626619,20,2244,213,361,0,0,3,6,151,262,22,36,0,0,1,2,2,3,197,11,0.06,33,0.23392751270468676,0.48351613965744367,74,45
631183,63,4416,464,787,0,0,2,5,250,482,42,77,6,21,5,11,19,29,387,9,0.02,60,0.1807878510970197,0.41319911727694225,109,55
633218,23,4118,475,769,0,0,3,5,262,480,20,35,3,9,2,4,9,21,371,17,0.05,34,0.16405045250025574,0.48685628785038193,128,39
641170,42,4586,507,765,0,0,1,2,342,538,32,59,3,9,0,0,8,12,363,20,0.06,58,0.17726106301106312,0.474393939393939,126,40
648626,7,3985,426,633,0,0,1,2,250,373,21,37,16,29,4,10,13,15,302,32,0.11,88,0.16680738622902808,0.48626558764618427,109,65
652777,43,4717,603,980,2,2,0,0,346,632,16,28,16,44,8,16,2,6,423,21,0.05,90,0.22554075030808604,0.5407834997524772,116,76
664320,41,2144,352,467,0,0,0,0,146,220,36,48,1,3,6,12,3,5,197,9,0.05,59,0.24199141645815977,0.5164425711902778,40,40
665539,42,2514,409,693,0,0,1,2,169,346,67,140,4,14,3,6,4,6,186,6,0.03,23,0.16877270032871697,0.3954222725177081,49,42
669954,16,2377,240,359,0,0,0,0,107,183,42,72,1,1,0,0,0,0,158,5,0.03,47,0.16411991536991538,0.470939722189722,42,56
679403,11,3921,479,760,2,4,1,2,277,482,20,32,14,15,17,34,13,21,340,17,0.05,59,0.15255564894395807,0.41219218730700957,105,45
686184,32,3839,470,968,0,0,0,0,246,652,58,105,10,12,21,42,12,16,319,19,0.06,42,0.12118744048138871,0.41141155274440605,59,59
686328,25,2795,354,746,0,0,0,0,181,432,63,154,3,5,5,10,7,16,226,8,0.04,42,0.14629523968678396,0.42412475596299126,60,47
701817,41,4674,639,1128,0,0,0,0,357,710,87,173,7,22,1,4,4,11,322,17,0.05,54,0.20934921487086855,0.426894408085353,101,75
715130,48,2652,280,430,0,0,0,0,131,213,28,53,10,17,9,19,8,14,241,11,0.05,43,0.15446045824094629,0.40400727659873975,69,38
721308,37,3523,448,671,0,0,0,0,256,409,38,63,1,1,5,10,0,0,286,15,0.05,43,0.21831097331097335,0.4723819165485835,93,61
747030,85,6525,934,1602,0,0,3,6,621,1142,50,85,7,11,26,52,7,12,654,19,0.03,92,0.1935229760345197,0.4633340636935618,129,105
752677,24,2185,289,474,0,0,0,0,166,279,19,38,9,15,1,2,3,5,187,6,0.03,24,0.21924794265140807,0.5012674124555315,51,30
758719,46,5881,717,1419,0,0,0,0,330,859,61,101,21,34,48,96,10,23,484,16,0.03,80,0.1850015782828286,0.4879693083041298,167,91
762097,43,5698,691,1172,0,0,3,6,444,760,52,88,20,59,25,57,5,10,466,31,0.07,76,0.14209317118737422,0.46315614203295336,123,79
762425,47,3642,526,959,0,0,0,0,274,555,72,148,6,11,17,34,5,9,296,22,0.07,40,0.2189935592862423,0.47043179178545,166,42
766084,32,2214,305,506,0,0,1,2,166,333,12,18,6,8,5,11,4,7,167,5,0.03,23,0.17553065498187467,0.40956067645092054,38,25
777313,31,3452,454,875,0,0,1,2,263,575,33,63,18,48,11,22,13,18,268,14,0.05,41,0.1749280854045868,0.41408570034549075,87,57
779985,35,3192,384,672,0,0,0,0,235,460,26,46,2,5,3,6,7,17,310,18,0.06,42,0.15440018059649968,0.4830664001983019,71,40
795504,8,2573,289,597,0,0,0,0,144,343,29,60,24,64,7,14,12,17,185,13,0.07,34,0.11383296592706187,0.4125416127537901,75,41
797526,21,3176,492,748,0,0,0,0,322,493,44,78,0,0,14,28,1,2,268,9,0.03,36,0.1770851275917067,0.45850246829194224,50,45
799355,13,3749,380,662,2,4,1,1,238,466,19,29,3,3,5,10,6,14,274,21,0.08,57,0.16650639700002767,0.4330438522317503,107,49
801217,38,2428,360,627,0,0,0,0,234,460,16,32,2,7,3,7,3,5,212,8,0.04,30,0.18044692086176806,0.4280876607623334,56,50
802919,45,4145,491,794,0,0,1,3,253,461,43,79,7,17,9,19,1,2,347,15,0.04,48,0.18946125262998867,0.434799339110851,122,55
808586,32,3327,444,816,0,0,0,0,229,540,20,31,13,31,1,2,4,6,256,15,0.06,23,0.2343724700624053,0.43370633515114015,67,30
809125,18,1994,245,442,0,0,1,2,181,347,6,12,1,3,0,0,6,10,182,3,0.02,20,0.1767344811152151,0.4935084130955692,37,28
824351,25,3145,378,618,1,3,0,0,169,318,25,44,10,19,11,26,15,22,209,9,0.04,49,0.1425303484394394,0.4264703478339843,48,32
834346,25,1892,257,734,0,0,0,0,153,383,16,28,1,3,2,5,5,7,184,8,0.04,25,0.19188131313131307,0.42089662862390154,45,35
837208,6,2762,238,458,0,0,3,9,111,258,14,22,24,39,17,38,8,14,201,10,0.05,16,0.16737763995019955,0.4107513030797991,70,25
837516,47,2445,326,504,0,0,1,4,185,325,24,39,2,4,2,4,5,8,227,8,0.04,60,0.17516681641209944,0.47260011267558416,70,17
837939,27,1647,213,360,0,0,0,0,98,195,17,30,0,0,1,2,1,1,151,11,0.07,32,0.15463998241341992,0.4664844877344878,27,40
840752,10,2565,266,504,1,2,1,1,140,319,36,54,8,21,3,6,5,10,227,8,0.04,44,0.14008853734917562,0.4046288109054066,64,32
842839,18,1126,172,278,0,0,0,0,89,174,19,37,1,3,0,0,1,2,98,6,0.06,13,0.17691262353998188,0.38011081162024585,24,14
847593,36,5312,545,1072,2,5,0,0,362,808,39,64,5,15,1,2,5,13,366,11,0.03,49,0.1622008176302069,0.4666917592585534,194,106
850482,17,2930,346,629,1,1,0,0,161,332,17,33,26,80,1,3,9,21,218,8,0.04,36,0.1501092643559532,0.4372417768030351,96,32
861867,34,4326,566,988,0,0,0,0,334,671,40,68,20,30,4,8,5,6,307,31,0.1,50,0.18346771513990082,0.44114700237216764,116,49
864160,32,2069,396,688,0,0,1,2,230,443,20,37,11,31,9,21,5,11,162,1,0.01,27,0.190889084724799,0.42694615543187,28,35
865825,33,4168,577,967,0,0,2,4,352,673,21,35,8,15,22,45,8,15,325,16,0.05,60,0.1539535256956518,0.4087948570822585,72,56
875077,111,6630,833,1562,0,0,0,0,459,1057,33,63,37,89,10,22,21,38,527,24,0.05,85,0.12922850958565257,0.39112786282040857,118,69
878233,41,2564,355,604,0,0,0,0,178,340,39,110,1,3,2,4,9,11,245,17,0.07,43,0.1928110685994503,0.42526267416308916,53,43
879387,96,3477,564,867,0,0,1,2,255,448,73,143,8,16,3,9,3,3,321,20,0.06,54,0.12328344944238989,0.44664926225356705,47,50
881240,86,6720,793,1276,2,4,3,5,427,756,101,178,12,35,13,29,12,16,603,26,0.04,94,0.17389572801898093,0.4451745949236419,202,68
884887,58,3112,542,943,0,0,0,0,273,583,59,108,4,6,15,30,2,5,248,6,0.02,28,0.24985818208295266,0.47350183795137946,67,49
887020,42,3130,391,640,0,0,4,7,206,359,18,33,17,40,12,24,16,23,232,3,0.01,51,0.18514233954451362,0.45339207290294264,73,38
894841,11,383,67,111,0,0,0,0,39,77,2,3,0,0,0,0,2,4,41,0,0.0,5,0.34057539682539684,0.514616402116402,6,2
907362,102,6433,768,1228,0,0,0,0,389,728,60,102,9,11,9,18,13,18,594,18,0.03,92,0.22668972912039173,0.4751076303426071,168,93
908352,17,2338,232,427,0,0,0,0,127,272,15,35,2,6,0,0,0,0,155,11,0.07,52,0.19428689492325849,0.4933218549127641,101,14
909961,88,7649,1093,1897,0,0,1,2,611,1275,47,76,27,51,39,79,12,20,554,32,0.06,96,0.18377795338112804,0.4478037750756001,148,77
910335,41,4354,595,934,0,0,3,6,355,623,44,65,15,25,10,21,9,15,310,37,0.12,63,0.16962997204589148,0.4446687243996661,81,69
913964,40,2898,344,668,0,0,2,4,229,508,17,30,0,0,1,2,2,5,203,11,0.05,47,0.16643178493861105,0.46219129372712986,91,37
917689,57,3615,488,857,0,0,1,1,292,604,36,64,5,16,2,4,4,8,309,17,0.06,47,0.15597860235003116,0.4607830962688109,52,81
919040,81,4328,649,1433,0,0,0,0,360,1062,46,77,5,16,3,6,3,4,359,7,0.02,48,0.1223869017303893,0.35723960796439763,60,72
927033,54,5141,719,1135,0,0,0,0,416,732,86,140,7,12,12,24,11,19,466,15,0.03,64,0.16352317908628614,0.4847203519242352,111,57
930741,34,2164,299,536,0,0,0,0,162,345,34,59,5,16,1,2,1,1,156,9,0.06,37,0.13646060388522693,0.4290769504086085,33,43
933165,55,2816,399,632,0,0,6,12,206,380,24,46,16,17,6,12,4,8,283,4,0.01,40,0.21536055152196887,0.4411788725272977,37,43
936964,42,2926,367,661,0,0,0,0,209,463,12,18,5,12,3,7,4,6,226,9,0.04,33,0.15656705544718177,0.4507307160067413,42,24
956496,34,3556,519,903,0,0,0,0,264,515,39,57,25,52,40,81,14,26,342,22,0.06,42,0.1458672588206267,0.40482915760117816,90,47
957365,41,3700,519,809,0,0,2,4,298,483,37,62,14,26,12,26,4,7,304,18,0.06,80,0.1919095863975384,0.43166870946991437,58,98
964007,30,2948,343,605,0,0,0,0,183,367,20,33,8,19,12,24,5,11,211,10,0.05,104,0.14321883530482263,0.4691357731087034,38,48
965474,51,5387,678,1218,4,10,1,2,379,766,38,58,10,31,12,27,13,19,402,25,0.06,73,0.10101139189630498,0.41911614873413633,89,67
968547,32,6000,817,1618,0,0,0,0,598,1210,42,91,18,56,16,32,13,13,439,29,0.07,64,0.2071990344049168,0.48312884121707605,170,58
970107,89,3352,598,1086,0,0,0,0,388,805,19,35,14,20,10,32,9,13,281,14,0.05,52,0.1005259810535785,0.42457094132418793,45,19
975886,44,3494,451,736,0,0,0,0,233,434,34,53,4,11,2,5,12,20,309,10,0.03,63,0.16356777347542514,0.45725956321602734,76,36
988223,49,4442,502,866,0,0,1,3,315,611,40,63,15,40,4,8,6,9,316,19,0.06,54,0.2133898557582766,0.5314644381806855,127,66
988677,56,4785,813,1303,1,3,1,3,546,949,34,59,12,32,11,21,6,13,370,10,0.03,75,0.2350383989709833,0.5382327961260545,76,60
AAB_882345935_deal_callstreet_8_8_2012,14,2255,388,809,0,0,0,0,300,599,39,103,11,34,2,4,4,6,172,4,0.02,23,0.19775126351481032,0.3945225477860945,28,38
ELI_2144656981_deal_callstreet_10_28_2015,43,8205,852,1749,0,0,0,0,490,1036,80,207,28,75,46,95,23,35,555,24,0.04,55,0.20242040000278894,0.4807524875856481,270,107
GB_2144656187_deal_callstreet_10_24_2013,36,5833,638,1444,2,7,0,0,443,1062,40,111,30,80,20,42,7,15,378,6,0.02,63,0.2140109960363127,0.4662003397446436,103,73
JM_1070585341_deal_callstreet_3_15_2007,23,3049,344,631,0,0,2,5,211,375,24,55,5,13,7,14,10,24,243,13,0.05,27,0.17479206788142146,0.4279038209361402,114,49
JM_124277938_deal_callstreet_12_4_2006,44,6365,672,1233,0,0,3,7,391,718,51,103,17,50,8,20,33,69,463,27,0.06,62,0.1625672570588616,0.478795363011781,221,88
JM_429655714_deal_callstreet_4_1_2008,33,3383,320,537,0,0,2,6,181,321,25,54,5,11,4,8,6,12,269,19,0.07,40,0.1859029374077918,0.46780617261199814,76,50
KXA_109705528_deal_callstreet_5_29_2013,20,3144,407,837,0,0,0,0,283,552,52,149,15,48,4,8,10,11,232,22,0.09,55,0.10678442666770972,0.3634876519063265,55,68
KXA_2144656270_deal_callstreet_1_28_2014,40,7159,931,2076,0,0,0,0,684,1518,80,251,27,67,28,56,19,40,467,31,0.07,82,0.18715118171348477,0.46665743737510257,160,100
KXA_2144656292_deal_callstreet_2_13_2014,35,5730,793,1503,1,1,1,2,534,971,101,255,36,85,12,25,9,22,443,5,0.01,35,0.16329277570614212,0.3858036792690259,71,80
KXA_2144656475_deal_callstreet_8_6_2014,6,894,158,317,2,4,0,0,134,260,7,16,0,0,1,2,0,0,66,1,0.02,9,0.15356382978723404,0.36426376224248563,15,27
KXA_2144656674_deal_callstreet_2_6_2015,28,6505,839,1695,1,1,0,0,554,1098,97,237,42,124,35,77,21,21,372,8,0.02,47,0.14100411132194846,0.4060145915648759,142,86
KXA_2144656763_deal_callstreet_5_4_2015,42,5048,740,1678,0,0,1,3,524,1175,83,238,19,63,12,24,14,19,390,8,0.02,47,0.19467607522976668,0.48214323645531665,117,62
KXA_2144656987_deal_callstreet_11_2_2015,24,6361,721,1513,0,0,0,0,426,915,83,192,51,133,35,73,39,46,454,40,0.09,100,0.12675816881310645,0.45786078548248194,123,88
KXA_552985956_deal_callstreet_8_26_2013,32,4377,607,1096,1,3,0,0,459,789,53,138,5,14,6,12,7,8,257,6,0.02,25,0.2054201362363129,0.4424623121976066,73,93
MB_140337816_deal_callstreet_4_30_2012,31,3177,487,887,0,0,1,2,377,650,45,114,1,3,4,8,15,20,244,11,0.05,37,0.20822212651294297,0.45638709740750616,79,66
MB_283697548_deal_callstreet_7_11_2008,62,5709,682,1265,0,0,0,0,429,806,67,149,16,43,11,23,7,9,460,30,0.07,81,0.17827846428933405,0.4712071798973974,141,99
MB_318948134_deal_callstreet_7_23_2007,43,6093,697,1254,0,0,2,4,373,670,123,261,21,59,9,18,12,15,454,21,0.05,102,0.18930523149167236,0.4497679152297792,151,101
MB_352281173_deal_callstreet_8_25_2008,86,6079,720,1267,0,0,0,0,398,702,113,226,11,27,13,27,25,63,519,16,0.03,45,0.18595773952519448,0.4464153309215892,140,110
MB_379326147_deal_callstreet_4_21_2008,41,5549,578,1029,0,0,5,10,347,634,49,95,3,6,8,16,20,49,385,33,0.09,70,0.0965636965321081,0.3916789868775422,93,89
MB_523148138_deal_callstreet_11_9_2006,36,6674,676,1173,0,0,0,0,365,623,51,96,7,18,30,62,39,80,516,41,0.08,77,0.17639193980622558,0.4105888115852398,163,113
MB_618299918_deal_callstreet_8_9_2010,15,1936,239,437,1,3,0,0,171,305,22,47,2,4,4,8,6,14,153,6,0.04,33,0.18553294853294852,0.47871905717739033,34,38
MB_847827862_deal_callstreet_2_22_2010,37,6773,749,1255,2,6,0,0,520,882,65,119,5,13,5,10,13,25,518,22,0.04,80,0.16790235081374358,0.42092312135824766,146,106
MB_885694902_deal_callstreet_8_8_2006,22,3819,435,876,0,0,1,2,264,528,57,104,6,17,6,14,14,34,287,29,0.1,50,0.16505283744808893,0.4293722052311435,104,71
MS_133117311_deal_callstreet_7_16_2007,78,8604,1000,1760,0,0,0,0,572,931,93,195,20,57,27,55,35,80,631,42,0.07,127,0.16645718200239504,0.4598497852620189,164,138
MS_211993818_deal_callstreet_6_18_2007,21,3291,380,694,0,0,0,0,213,372,32,72,9,23,6,14,13,33,234,18,0.08,52,0.18995135889751286,0.45940226610995855,93,66
MS_499814428_deal_callstreet_8_17_2006,33,3347,405,726,0,0,0,0,256,448,34,71,1,3,8,17,11,27,266,7,0.03,40,0.1295233945948232,0.45911388523293334,57,62
MS_761389132_deal_callstreet_5_29_2007,26,1943,233,394,0,0,0,0,137,226,19,36,3,9,0,0,5,6,169,7,0.04,39,0.142884002444442,0.39561620613818416,21,45
MS_772697867_deal_callstreet_9_11_2006,59,5126,601,1339,0,0,2,6,356,775,52,106,15,46,15,36,20,51,372,26,0.07,66,0.17984719327311918,0.43925728478197573,94,65
MS_931913232_deal_callstreet_6_7_2007,23,3084,357,646,0,0,0,0,227,402,28,60,1,3,14,28,2,3,262,5,0.02,46,0.18759255465880081,0.4493898197841416,72,58
OXB_135448196_deal_callstreet_1_7_2013,60,5237,728,1353,0,0,0,0,524,886,98,268,11,32,20,40,9,9,438,12,0.03,64,0.17341665091665112,0.4419722019722019,98,97
PSE1_2144656451_deal_callstreet_7_14_2014,53,7864,989,2140,0,0,5,7,681,1448,133,384,16,46,26,56,12,18,581,30,0.05,68,0.19807938335881697,0.4319815145113206,154,89
PSE1_2144656461_deal_callstreet_7_24_2014_Breitburn,23,7489,880,1938,0,0,1,2,525,1224,87,233,79,181,41,88,11,16,481,17,0.04,69,0.11967220160791604,0.4153913221698931,133,97
PSE1_2144656461_deal_callstreet_7_24_2014_QR,8,1189,137,297,0,0,0,0,92,181,22,65,0,0,1,2,1,1,102,1,0.01,10,0.16735209235209228,0.4843915343915346,25,29
SNI_2144656631_deal_callstreet_12_16_2014,20,1485,261,577,0,0,0,0,174,361,45,116,20,55,5,10,1,1,135,3,0.02,13,0.2328428130511464,0.44952233980011763,18,36
SNI_2144656750_deal_callstreet_4_22_2015,26,3368,420,845,0,0,0,0,271,523,54,130,23,74,13,26,19,25,232,6,0.03,43,0.20513511286867697,0.5100558860593466,55,61
gxb_258379382_deal_callstreet_10_27_2010,37,3082,369,681,1,3,1,3,239,399,25,50,11,31,6,13,12,14,261,3,0.01,28,0.1693003312744168,0.4561496718051597,62,61
gxb_385774553_deal_callstreet_4_4_2013,22,4904,554,1208,0,0,1,1,360,813,51,136,24,60,43,89,17,19,339,40,0.12,63,0.16138695683674775,0.45684292172262964,131,60
gxb_38904494_deal_callstreet_11_4_2009,34,4551,564,1009,0,0,0,0,349,632,60,139,11,26,8,17,18,40,362,6,0.02,55,0.17655669743479677,0.43307945956706284,72,92
gxb_593334971_deal_callstreet_1_21_2011,63,5869,646,1310,0,0,5,11,357,744,102,208,22,63,30,61,26,65,453,25,0.06,51,0.17866734353847794,0.4171410600663173,141,91
gxb_773773156_deal_callstreet_7_26_2011,21,4627,592,1197,0,0,0,0,346,718,85,155,21,52,25,52,23,47,310,28,0.09,55,0.15925761738261748,0.40707129290462574,111,55
